{"name": "shabiwangzhi",
"url": "http://www.qxsyy.com",
"ua": "Mozilla/5.0 (Windows NT 10.0; Win64; x64) AppleWebKit/537.36 (KHTML, like Gecko) Chrome/88.0.4324.150 Safari/537.36",
"User": "空",
"直接播放": "0",
"列表显示": "0",
"横图显示": "0",
"fenlei": "电影$/show/1--------#电视剧$/type/2-",
"houzhui": "---.html",
"qishiye": "1",
"shifouercijiequ": "0",
"jiequqian": "空",
"jiequhou": "空",
"jiequshuzuqian": "class=\"myui-vodlist__box\"",
"jiequshuzuhou": "</div>",
"tupianqian": "original=\"",
"tupianhou": "\">",
"tupianqianzhui": "空",
"biaotiqian": "title=\"",
"biaotihou": "\"",
"lianjieqian": "href=\"/vod/",
"lianjiehou": ".html",
"ljqianzhui": "http://www.qxsyy.com/play/",
"ljhouzhui": "-1-1.html",
"fubiaotiqian": "",
"fubiaotihou": "",
"sousuohouzhui": "/voddetail/",
"jspic": "pic",
"jsname": "name",
"jsid": "id",
"sousuoqian": "/index.php/ajax/suggest?mid=1&wd=",
"sousuohou": "&limit=500",
"ssmoshi": "0",
"sousuoshifouercijiequ": "0",
"ssjiequqian": "空",
"ssjiequhou": "空",
"ssjiequshuzuqian": "空",
"ssjiequshuzuhou": "空",
"sstupianqian": "空",
"sstupianhou": "空",
"sstupianqianzhui": "空",
"ssbiaotiqian": "空",
"ssbiaotihou": "空",
"sslianjieqian": "空",
"sslianjiehou": "空",
"ssljqianzhui": "空",
"bfshifouercijiequ": "0",
"bfjiequqian": "空",
"bfjiequhou": "空",
"bfjiequshuzuqian": "class=\"myui-content__list sort-list clearfix",
"bfjiequshuzuhou": "</ul>",
"zhuangtaiqian": "class=\"otherbox\">",
"zhuangtaihou": "</p>",
"daoyanqian": "导演：</span>",
"daoyanhou": "</p>",
"zhuyanqian": "主演：</span>",
"zhuyanhou": "</p>",
"juqingqian": "<span class=\"data\"",
"juqinghou": "</span>",
"bfyshifouercijiequ": "0",
"bfyjiequqian": "空",
"bfyjiequhou": "空",
"bfyjiequshuzuqian": "<a",
"bfyjiequshuzuhou": "/a>",
"bfbiaotiqian": ">",
"bfbiaotihou": "<",
"bflianjieqian": "href=\"",
"bflianjiehou": "\"",
"bfqianzhui": ""},