{ "name": "二个BT",
  "url": "https://bttwoo.com",
  "tihuan": "aliyundrive",
  "User": "空",
  "fenlei": "最新电影$/new-movie/page/#本月热门$/hot-month/#电视剧$/dsj/page/#国产剧$/zgjun/page/#美剧$/meiju/page/#日韩剧$/jpsrtv/page/",
  "houzhui": "",
  "shifouercijiequ": "0",
  "jiequqian": "空",
  "jiequhou": "空",
  "jiequshuzuqian": "<li>",
  "jiequshuzuhou": "</span>",
  "tupianqian": "original=\"",
  "tupianhou": "\"",
  "biaotiqian": "alt=\"",
  "biaotihou": "\"",
  "lianjieqian": "bttwoo.com",
  "lianjiehou": "\"",
  "sousuoqian": "/xssearch?q=",
  "sousuohou": "&limit=500",
  "sousuohouzhui": "/movie/",
  "ssmoshi": "1",
  "sousuoshifouercijiequ": "0",
  "jspic": "pic",
  "jsname": "name",
  "jsid": "id",
  "ssjiequqian": "空",
  "ssjiequhou": "空",
  "ssjiequshuzuqian": "<li>",
  "ssjiequshuzuhou": "</span>",
  "sstupianqian": "original=\"",
  "sstupianhou": "\"",
  "ssbiaotiqian": "alt=\"",
  "ssbiaotihou": "\"",
  "sslianjieqian": "bttwoo.com",
  "sslianjiehou": "\"",
  "bfshifouercijiequ": "0",
  "bfjiequqian": "空",
  "bfjiequhou": "空",
  "bfjiequshuzuqian": "class=\"paly_list",
  "bfjiequshuzuhou": "</div>",
  "zhuangtaiqian": "上映：<span>",
  "zhuangtaihou": "</span>",
  "daoyanqian": "<li>导演：",
  "daoyanhou": "</li>",
  "zhuyanqian": "<li>主演：",
  "zhuyanhou": "</li>",
  "juqingqian": "class=\"yp_context\">",
  "juqinghou": "</div>",
  "bfyshifouercijiequ": "0",
  "bfyjiequqian": "空",
  "bfyjiequhou": "空",
  "bfyjiequshuzuqian": "<a",
  "bfyjiequshuzuhou": "/a>",
  "bfbiaotiqian": ">",
  "bfbiaotihou": "<",
  "bflianjieqian": "bttwoo.com",
  "bflianjiehou": "\"",
  "嗅探词":".m3u8#api.13to.com",
  "过滤词":"xqmi.top#51.la#baomitu.com#.css#.js#ddzy"
},
