{
  "author": "JMG0828",
  "name": "剧荒电影",
  "url": "https://www.juhuang.tv",
//  "User": "",

  "shouye": "1",
 "qishiye": "1",

//"是否记录历史": "0",
"直接播放": "0",
"列表显示": "0",
"横图显示": "0",

//  "分类页": "https://juhuang.tv/type/{cateId}_type_{catePg}.html",
  "分类页": "https://juhuang.tv/type/{cateId}_type_{catePg}.html||https://juhuang.tv/type/{cateId}_type.html",

  "分类":  "",
  "小类": "1--印度$30#欧美$20#日韩$6#华语$7||2--英剧$27#泰剧$24#韩剧$13#华语$14#日剧$15#美剧$16",

  
  "shifouercijiequ": "0",
  "jiequqian": "",
  "jiequhou": "",
  "jiequshuzuqian": "class=\"module-item-pic",
  "jiequshuzuhou": "class=\"loading",
  "tupianqian": "data-src=\"",
  "tupianhou": "\"",
  "biaotiqian": "title=\"",
  "biaotihou": "\"",
  "lianjieqian": "href=\"",
  "lianjiehou": "\"",
 "ljqianzhui": "空",
 "ljhouzhui": "空",
 "fubiaotiqian": "",
 "fubiaotihou": "",

  "sousuoqian": "https://so.juhuang.tv/?s=",
  "sousuohou": "",
  "sousuohouzhui": "/play/",
  "ssmoshi": "1",
  "sousuoshifouercijiequ": "0",
  "jspic": "pic",
  "jsname": "name",
  "jsid": "id",
  "ssjiequqian": "空",
  "ssjiequhou": "空",
  "ssjiequshuzuqian": "class=\"module-item-pic",
  "ssjiequshuzuhou": "class=\"loading",
  "sstupianqian": "data-src=\"",
  "sstupianhou": "\"",
  "ssbiaotiqian": "title=\"",
  "ssbiaotihou": "\"",
  "sslianjieqian": "href=\"",
  "sslianjiehou": "\"",

  "bfshifouercijiequ": "0",
  "bfjiequqian": "空",
  "bfjiequhou": "空",
 "bfjiequshuzuqian": "class=\"sort-item",
 "bfjiequshuzuhou": "class=\"rightGG_1",

  "xlshifouercijiequ": "0",
  "xljiequqian": "",
  "xljiequhou": "",
  "xljiequshuzuqian": "",
  "xljiequshuzuhou": "",
  "xlbiaotiqian": "",
  "xlbiaotihou": "",

"zhuangtaiqian": "集数：</span>",
"zhuangtaihou": "</div>",
"daoyanqian": "导演：</span>",
"daoyanhou": "</div>",
"zhuyanqian": "主演：</span>",
"zhuyanhou": "</div>",
"juqingqian": "style=\"display: none;\">",
"juqinghou": "</span>",

"bfyshifouercijiequ": "0",
"bfyjiequqian":"空",
"bfyjiequhou": "空",
"bfyjiequshuzuqian": "<a",
"bfyjiequshuzuhou": "</a>",
"bfbiaotiqian": "<span>",
"bfbiaotihou": "<",
"bflianjieqian": "href=\"",
"bflianjiehou": "\"",
"嗅探词":"365yg.com#juhuang.mp4",
"过滤词":"51.la#baomitu.com#.css#.js#ddzy"
}