{
  "name": "小强迷",
  "url": "http://xqmi.top",
  "User": "空",
  "shouye": "1",

//分类页网址格式同xp
"分类页": "http://xqmi.top/index.php/vod/show/area/{area}/by/{by}/class/{class}/id/{cateId}/page/{catePg}/year/{year}.html",

/**
*第一个词表示分类值是数字、拼音还是英文，以||隔开
*各大类以#隔开，类与值用$连接
*只填第一个词表示使用其类型的预置分类，自定义分类会覆盖已有相同分类，新增未预置的分类，已预置四大金刚
*不填写第一个类型词，则不使用预置，完全自定义，不填第一词就不需要||符号
*/
"分类": "数字||动作$6#喜剧$7",

  "shifouercijiequ": "0",
  "jiequqian": "空",
  "jiequhou": "空",
  "jiequshuzuqian": "<li class=\"stui-vodlist__item\">",
  "jiequshuzuhou": "</li>",
  "tupianqian": "data-original=\"",
  "tupianhou": "\">",
  "biaotiqian": "title=\"",
  "biaotihou": "\"",
  "fubiaotiqian": "class=\"pic-text text-right\">",
  "fubiaotihou": "<",
  "lianjieqian": "href=\"",
  "lianjiehou": "\"",
  "sousuoqian": "/index.php/ajax/suggest?mid=1&wd=",
  "sousuohou": "&limit=500",
  "sousuohouzhui": "/index.php/vod/detail/id/",
  "ssmoshi": "0",
  "sousuoshifouercijiequ": "1",
  "jspic": "pic",
  "jsname": "name",
  "jsid": "id",
  "ssjiequqian": "content=\"no-referrer",
  "ssjiequhou": "class=\"foornav",
  "ssjiequshuzuqian": "<a>",
  "ssjiequshuzuhou": "</a>",
  "sstupianqian": "data-original=\"",
  "sstupianhou": "\"",
  "ssbiaotiqian": "title=\"",
  "ssbiaotihou": "\"",
  "sslianjieqian": "href=\"",
  "sslianjiehou": "\"",
//兼容菜花中文线路名
"xlshifouercijiequ": "1",
 "xljiequqian": "播放地址 -->",
 "xljiequhou": "end 播放地址 -->",
 "xljiequshuzuqian": "class=\"title\"",
 "xljiequshuzuhou": "/h3>",
 "xlbiaotiqian": ">",
 "xlbiaotihou": "<","bfshifouercijiequ": "0",
  "bfjiequqian": "空",
  "bfjiequhou": "空",
  "bfjiequshuzuqian": "<ul class=\"stui-content__playlist clearfix\">",
  "bfjiequshuzuhou": "</ul>",
  "zhuangtaiqian": "状态：</span>",
  "zhuangtaihou": "</p>",
  "daoyanqian": "导演：</span>",
  "daoyanhou": "</p>",
  "zhuyanqian": "主演：</span>",
  "zhuyanhou": "</p>",
  "juqingqian": "简介：</span>",
  "juqinghou": "</a>",
  "bfyshifouercijiequ": "0",
  "bfyjiequqian": "空",
  "bfyjiequhou": "空",
  "bfyjiequshuzuqian": "<a",
  "bfyjiequshuzuhou": "/a>",
  "bfbiaotiqian": ">",
  "bfbiaotihou": "<",
  "bflianjieqian": "href=\"",
  "bflianjiehou": "\"",
"嗅探词":".m3u8",
"过滤词":"xqmi.top#51.la#baomitu.com#.css#.js#ddzy",


/**
*填汉字、拼音或数字时，使用三种内置筛选模板
*兼容xp和xyq的filter、filterdata的json格式:
"筛选": {},   "filter": {},  "filterdata": {},
*筛选为"自定义"时，可在"小类"、"地区"、"年份"、"排序"中自定义筛选
筛选为0或无筛选字段，关闭筛选模式
*/
"筛选":{
    "1": [
                        {
        "key": "class",
        "name": "类型",
        "value": [
          { "n": "全部", "v": "" },
           { "n": "Netflix", "v": "Netflix" },
          { "n": "古装", "v": "古装" },
          { "n": "战争", "v": "战争" },
          { "n": "爱情", "v": "爱情" },
          { "n": "喜剧", "v": "喜剧" },
          { "n": "科幻", "v": "科幻" },
          { "n": "犯罪", "v": "犯罪" },
          { "n": "动作", "v": "动作" },
          { "n": "奇幻", "v": "奇幻" },
          { "n": "剧情", "v": "剧情" },
          { "n": "历史", "v": "历史" },
          { "n": "悬疑", "v": "悬疑" },
          { "n": "恐怖", "v": "恐怖" },
          { "n": "经典", "v": "经典" },
          { "n": "青春", "v": "青春" },
          { "n": "网络电影", "v": "网络电影" },
          { "n": "冒险", "v": "冒险" },
          { "n": "武侠", "v": "武侠" },
          { "n": "文艺", "v": "文艺" },
          { "n": "运动", "v": "运动" },
          { "n": "儿童", "v": "儿童" }
        ]
      },
      {
        "key": "area",
        "name": "地区",
        "value": [
          { "n": "全部", "v": "" },
          { "n": "大陆", "v": "大陆" },
          { "n": "香港", "v": "香港" },
          { "n": "台湾", "v": "台湾" },
          { "n": "美国", "v": "美国" },
          { "n": "日本", "v": "日本" },
          { "n": "韩国", "v": "韩国" },
          { "n": "英国", "v": "英国" },
          { "n": "法国", "v": "法国" },
          { "n": "德国", "v": "德国" },
          { "n": "印度", "v": "印度" },
          { "n": "泰国", "v": "泰国" },
          { "n": "丹麦", "v": "丹麦" },
          { "n": "瑞典", "v": "瑞典" },
          { "n": "巴西", "v": "巴西" },
          { "n": "加拿大", "v": "加拿大" },
          { "n": "俄罗斯", "v": "俄罗斯" },
          { "n": "意大利", "v": "意大利" },
          { "n": "比利时", "v": "比利时" },
          { "n": "爱尔兰", "v": "爱尔兰" },
          { "n": "西班牙", "v": "西班牙" },
          { "n": "其他", "v": "其他" }
        ]
      },
      {
        "key": "year",
        "name": "年份",
        "value": [
          { "n": "全部", "v": "" },
          { "n": "2022", "v": "2022" },
          { "n": "2021", "v": "2021" },
          { "n": "2020", "v": "2020" },
          { "n": "2019", "v": "2019" },
          { "n": "2018", "v": "2018" },
          { "n": "2017", "v": "2017" },
          { "n": "2016", "v": "2016" },
          { "n": "2015", "v": "2015" },
          { "n": "2014", "v": "2014" },
          { "n": "2013", "v": "2013" },
          { "n": "2012", "v": "2012" },
          { "n": "2011", "v": "2011" },
          { "n": "2010", "v": "2010" },
          { "n": "2009", "v": "2009" },
          { "n": "2008", "v": "2008" },
          { "n": "2007", "v": "2007" },
          { "n": "2006", "v": "2006" },
          { "n": "2005", "v": "2005" },
          { "n": "2004", "v": "2004" },
          { "n": "2003", "v": "2003" },
          { "n": "2002", "v": "2002" },
          { "n": "2001", "v": "2001" },
          { "n": "2000", "v": "2000" }
        ]
      },
      {
        "key": "by",
        "name": "排序",
        "value": [
          { "n": "时间", "v": "time" },
          { "n": "人气", "v": "hits" },
          { "n": "评分", "v": "score" }
        ]
      }
    ],
    "2":[
      {
        "key": "cateId",
        "name": "分类",
        "value": [
          { "n": "全部", "v": "" },
          { "n": "国产剧", "v": "13" },
          { "n": "港台剧", "v": "15" },
          { "n": "日韩剧", "v": "44" },
          { "n": "欧美剧", "v": "45" }

        ]
      },
            {
        "key": "class",
        "name": "类型",
        "value": [
          { "n": "全部", "v": "" },
          { "n": "Netflix", "v": "Netflix" },
          { "n": "古装", "v": "古装" },
          { "n": "战争", "v": "战争" },
         // { "n": "青春偶像", "v": "青春偶像" },
          { "n": "喜剧", "v": "喜剧" },
          { "n": "家庭", "v": "家庭" },
          { "n": "犯罪", "v": "犯罪" },
          { "n": "动作", "v": "动作" },
          { "n": "奇幻", "v": "奇幻" },
          { "n": "剧情", "v": "剧情" },
          { "n": "历史", "v": "历史" },
          { "n": "经典", "v": "经典" },
          { "n": "乡村", "v": "乡村" },
          { "n": "情景", "v": "情景" },
          { "n": "商战", "v": "商战" },
          { "n": "网剧", "v": "网剧" },
          { "n": "其他", "v": "其他" }
        ]
      },

      {
        "key": "area",
        "name": "地区",
        "value": [
          { "n": "全部", "v": "" },
          { "n": "大陆", "v": "大陆" },
          { "n": "香港", "v": "香港" },
          { "n": "台湾", "v": "台湾" },
          { "n": "美国", "v": "美国" },
          { "n": "日本", "v": "日本" },
          { "n": "韩国", "v": "韩国" },
          { "n": "英国", "v": "英国" },
          { "n": "法国", "v": "法国" },
          { "n": "德国", "v": "德国" },
          { "n": "印度", "v": "印度" },
          { "n": "泰国", "v": "泰国" },
          { "n": "丹麦", "v": "丹麦" },
          { "n": "瑞典", "v": "瑞典" },
          { "n": "巴西", "v": "巴西" },
          { "n": "加拿大", "v": "加拿大" },
          { "n": "俄罗斯", "v": "俄罗斯" },
          { "n": "意大利", "v": "意大利" },
          { "n": "比利时", "v": "比利时" },
          { "n": "爱尔兰", "v": "爱尔兰" },
          { "n": "西班牙", "v": "西班牙" },
          { "n": "其他", "v": "其他" }
        ]
      },
      {
        "key": "year",
        "name": "年份",
        "value": [
          { "n": "全部", "v": "" },
          { "n": "2022", "v": "2022" },
          { "n": "2021", "v": "2021" },
          { "n": "2020", "v": "2020" },
          { "n": "2019", "v": "2019" },
          { "n": "2018", "v": "2018" },
          { "n": "2017", "v": "2017" },
          { "n": "2016", "v": "2016" },
          { "n": "2015", "v": "2015" },
          { "n": "2014", "v": "2014" },
          { "n": "2013", "v": "2013" },
          { "n": "2012", "v": "2012" },
          { "n": "2011", "v": "2011" },
          { "n": "2010", "v": "2010" },
          { "n": "2009", "v": "2009" },
          { "n": "2008", "v": "2008" },
          { "n": "2007", "v": "2007" },
          { "n": "2006", "v": "2006" },
          { "n": "2005", "v": "2005" },
          { "n": "2004", "v": "2004" },
          { "n": "2003", "v": "2003" },
          { "n": "2002", "v": "2002" },
          { "n": "2001", "v": "2001" },
          { "n": "2000", "v": "2000" }
        ]
      },
      {
        "key": "by",
        "name": "排序",
        "value": [
          { "n": "时间", "v": "time" },
          { "n": "人气", "v": "hits" },
          { "n": "评分", "v": "score" }
        ]
      }
    ],
    
        "3":[
      {
        "key": "area",
        "name": "地区",
        "value": [
          { "n": "全部", "v": "" },
          { "n": "大陆", "v": "大陆" },
           { "n": "大陆", "v": "大陆" },
           { "n": "香港", "v": "香港" },          
           { "n": "台湾", "v": "台湾" },
          { "n": "日本", "v": "日本" },
          { "n": "美国", "v": "美国" },
          { "n": "其他", "v": "其他" }
        ]
      },
      {
        "key": "year",
        "name": "年份",
        "value": [
          { "n": "全部", "v": "" },
          { "n": "2022", "v": "2022" },
          { "n": "2021", "v": "2021" },
          { "n": "2020", "v": "2020" },
          { "n": "2019", "v": "2019" },
          { "n": "2018", "v": "2018" },
          { "n": "2017", "v": "2017" },
          { "n": "2016", "v": "2016" },
          { "n": "2015", "v": "2015" },
          { "n": "2014", "v": "2014" },
          { "n": "2013", "v": "2013" },
          { "n": "2012", "v": "2012" },
          { "n": "2011", "v": "2011" },
          { "n": "2010", "v": "2010" },
          { "n": "2009", "v": "2009" },
          { "n": "2008", "v": "2008" },
          { "n": "2007", "v": "2007" },
          { "n": "2006", "v": "2006" },
          { "n": "2005", "v": "2005" },
          { "n": "2004", "v": "2004" },
          { "n": "2003", "v": "2003" },
          { "n": "2002", "v": "2002" },
          { "n": "2001", "v": "2001" },
          { "n": "2000", "v": "2000" }
        ]
      },
      {
        "key": "by",
        "name": "排序",
        "value": [
          { "n": "时间", "v": "time" },
          { "n": "人气", "v": "hits" },
          { "n": "评分", "v": "score" }
        ]
      }
    ],
        "4":[
      {
        "key": "class",
        "name": "类型",
        "value": [
          { "n": "全部", "v": "" },
          { "n": "国产", "v": "国产" },
          { "n": "日本", "v": "日本" }
        ]
      },
      {
        "key": "year",
        "name": "年份",
        "value": [
          { "n": "全部", "v": "" },
          { "n": "2022", "v": "2022" },
          { "n": "2021", "v": "2021" },
          { "n": "2020", "v": "2020" },
          { "n": "2019", "v": "2019" },
          { "n": "2018", "v": "2018" },
          { "n": "2017", "v": "2017" },
          { "n": "2016", "v": "2016" },
          { "n": "2015", "v": "2015" },
          { "n": "2014", "v": "2014" },
          { "n": "2013", "v": "2013" },
          { "n": "2012", "v": "2012" },
          { "n": "2011", "v": "2011" },
          { "n": "2010", "v": "2010" },
          { "n": "2009", "v": "2009" },
          { "n": "2008", "v": "2008" },
          { "n": "2007", "v": "2007" },
          { "n": "2006", "v": "2006" },
          { "n": "2005", "v": "2005" },
          { "n": "2004", "v": "2004" },
          { "n": "2003", "v": "2003" },
          { "n": "2002", "v": "2002" },
          { "n": "2001", "v": "2001" },
          { "n": "2000", "v": "2000" }
        ]
      },
      {
        "key": "by",
        "name": "排序",
        "value": [
          { "n": "时间", "v": "time" },
          { "n": "人气", "v": "hits" },
          { "n": "评分", "v": "score" }
        ]
      }
    ]
}
}
