{
  "name": "小猫咪",
 "url": "https://xmaomi.net",
  "User": "",
  "shouye": "1",
  "fenlei":"电视剧$/vod_____show/2-----------#电影$/vod_____show/1-----------#动漫$/vod_____show/4-----------#综艺$/vod_____show/3-----------#纪录$/vod_____show/5-----------",
  "houzhui":".html",
  //"分类页":"https://555dy1.com/vodshow/{cateId}-{area}-{by}-{class}-----{catePg}---{year}.html",
 // "分类":"电视剧$2#电影$1#动漫$3#综艺$4#福利$124",
  "shifouercijiequ": "0",
  "jiequqian": "",
  "jiequhou": "",
  "jiequshuzuqian": "class=\"hl-list-item",
  "jiequshuzuhou": "</a>",
  "tupianqian": "data-original=\"",
  "tupianhou": "\"",
  "biaotiqian": "title=\"",
  "biaotihou": "\"",
  "lianjieqian": "href=\"",
  "lianjiehou": "\"",

  //新版Biubiu参数：副标题 (不需要的话，就不填写或者删除副标题2个字段也可以。)
  "fubiaotiqian": "remarks\"",
  "fubiaotihou": "</span>",

  "sousuoqian": "/v_search/-------------.html?wd=",
  "sousuohou": "&submit=",
  "sousuohouzhui": "v_",
  "ssmoshi": "1",
  "sousuoshifouercijiequ": "1",
  //"jspic": "pic",
  //"jsname": "name",
  //"jsid": "id",
  "ssjiequqian": "class=\"hl-one-list",
  "ssjiequhou": "</ul>",
  "ssjiequshuzuqian": "<a",
  "ssjiequshuzuhou": "</a>",
  "sstupianqian": "data-original=\"",
  "sstupianhou": "\"",
  "ssbiaotiqian": "title=\"",
  "ssbiaotihou": "\"",
  "sslianjieqian": "href=\"",
  "sslianjiehou": "\"",
  "bfshifouercijiequ": "0",
  "bfjiequqian": "空",
  "bfjiequhou": "空",
  "bfjiequshuzuqian": "id=\"hl-plays-list",
  "bfjiequshuzuhou": "</ul>",

  "zhuangtaiqian": "",
  "zhuangtaihou": "",
  "daoyanqian": "导演：</em>",
  "daoyanhou": "</li>",
  "zhuyanqian": "",
  "zhuyanhou": "",
  "juqingqian": "简介：</em>",
  "juqinghou": "</li>",
"xlshifouercijiequ": "",
"xljiequqian": "",
 "xljiequhou": "",
"xljiequshuzuqian": "class=\"hl-tabs-btn",
"xljiequshuzuhou": "</a>",
 "xlbiaotiqian": "alt=\"",
 "xlbiaotihou": "\"",
  "bfyshifouercijiequ": "0",
  "bfyjiequqian": "",
  "bfyjiequhou": "",
  "bfyjiequshuzuqian": "<a",
  "bfyjiequshuzuhou": "/li>",
  "bfbiaotiqian": ">",
  "bfbiaotihou": "</a>",

  "bflianjieqian": "href=\"",
  "bflianjiehou": "\"",     
  "嗅探词":"",
"过滤词":""
}