{"name": "哔嘀",
"url": "https://www.bdys01.com",
"ua": "cnzz.com",
"User": "空",
"fenlei": "最新影片$/s/all/#动作$/s/dongzuo/#爱情$/s/aiqing/#喜剧$/s/xiju/#科幻$/s/kehuan/#恐怖$/s/kongbu/#战争$/s/zhanzheng/#武侠$/s/wuxia/#魔幻$/s/mohuan/#剧情$/s/juqing/#动画$/s/donghua/#惊悚$/s/jingsong/#3D$/s/3D/#灾难$/s/zainan/#悬疑$/s/xuanyi/#警匪$/s/jingfei/#文艺$/s/wenyi/#青春$/s/qingchun/#冒险$/s/maoxian/#犯罪$/s/fanxui/#纪录$/s/jilu/#古装$/s/guzhuang/#奇幻$/s/qihuan/#国语$/s/guoyu/#综艺$/s/zongyi/#历史$/s/lishi/#运动$/s/yundong/#原创压制$/s/yuanchuang/#美剧$/s/meiju/#韩剧$/s/hanju/#日剧$/s/riju/#英剧$/s/yingju/#泰剧$/s/taiju/#港台剧$/s/gangtaiju/",
"houzhui": "",
"shifouercijiequ": "0",
"jiequqian": "空",
"jiequhou": "空",
"jiequshuzuqian": "<a target=\"_blank",
"jiequshuzuhou": "</div>",
"tupianqian": "src=\"",
"tupianhou": "\"",
"biaotiqian": "<h3 class=\"mb-0 card-title text-truncate\">",
"biaotihou": "</h3>",
"lianjieqian": "href=\"",
"lianjiehou": "\"",
"fubiaotiqian": "top-0 start-0\">",
"fubiaotihou": "</span>",
"sousuoqian": "/performer/",
"sousuohou": "",
"sousuohouzhui": "",
"ssmoshi": "1",
"sousuoshifouercijiequ": "0",
"jspic": "pic",
"jsname": "name",
"jsid": "id",
"ssjiequqian": "空",
"ssjiequhou": "空",
"ssjiequshuzuqian": "<a target=\"_blank",
"ssjiequshuzuhou": "</div>",
"sstupianqian": "src=\"",
"sstupianhou": "\"",
"ssbiaotiqian": "<h3 class=\"mb-0 card-title text-truncate\">",
"ssbiaotihou": "</h3>",
"sslianjieqian": "href=\"",
"sslianjiehou": "\"",
"bfshifouercijiequ": "0",
"bfjiequqian": "空",
"bfjiequhou": "空",
"bfjiequshuzuqian": "id=\"download-list",
"bfjiequshuzuhou": "</tbody>",
"zhuangtaiqian": "摘要：</strong>",
"zhuangtaihou": "</p>",
"daoyanqian": "导演：</strong>",
"daoyanhou": "</p>",
"zhuyanqian": "主演：</strong>",
"zhuyanhou": "</p>",
"juqingqian": "剧情简介</h3>",
"juqinghou": "<div class=\"card mt-3",
"bfyshifouercijiequ": "1",
"bfyjiequqian": "<tr>",
"bfyjiequhou": "</tr>",
"bfyjiequshuzuqian": "<a",
"bfyjiequshuzuhou": "/a>",
"bfbiaotiqian": "",
"bfbiaotihou": "",
"bflianjieqian": "href=\"mag",
"bflianjiehou": "\"",
"bfqianzhui": "mag"
},