{"name": "电影港磁力",
"url": "https://www.dygang.cc",
//"ua": "Mozilla/5.0 (Windows NT 10.0; Win64; x64) AppleWebKit/537.36 (KHTML, like Gecko) Chrome/88.0.4324.150 Safari/537.36",
"User": "空",
"直接播放": "0",
"列表显示": "0",
"横图显示": "0",
"fenlei": "最新电影$/ys/index_#国语电影$/gy/index_",
"houzhui": ".htm",
"qishiye": "2",
"shifouercijiequ": "1",
"jiequqian": "class=\"item-title",
"jiequhou": "class=\"table-title ts",
"jiequshuzuqian": "class=\"border1",
"jiequshuzuhou": "class=\"classlinkclass",
"tupianqian": "img src=\"",
"tupianhou": "\"",
"tupianqianzhui": "",
"biaotiqian": "alt=\"",
"biaotihou": "\"",
"lianjieqian": "href=\"",
"lianjiehou": "\"",
"ljqianzhui": "",
"fubiaotiqian": "<td>",
"fubiaotihou": "</td>",
"sousuohouzhui": "/voddetail/",
"jspic": "pic",
"jsname": "name",
"jsid": "id",
"sousuoqian": "/index.php/ajax/suggest?mid=1&wd=",
"sousuohou": "&limit=500",
"ssmoshi": "0",
"sousuoshifouercijiequ": "0",
"ssjiequqian": "空",
"ssjiequhou": "空",
"ssjiequshuzuqian": "空",
"ssjiequshuzuhou": "空",
"sstupianqian": "空",
"sstupianhou": "空",
"sstupianqianzhui": "空",
"ssbiaotiqian": "空",
"ssbiaotihou": "空",
"sslianjieqian": "空",
"sslianjiehou": "空",
"ssljqianzhui": "空",
"zhuangtaiqian": "class=\"otherbox\">",
"zhuangtaihou": "</p>",
"daoyanqian": "导演：</span>",
"daoyanhou": "</a>",
"zhuyanqian": "◎演　员  ",
"zhuyanhou": "</p>",
"juqingqian": "◎简　介<br />",
"juqinghou": "</p>",
"bfshifouercijiequ": "0",
"bfjiequqian": "空",
"bfjiequhou": "空",
"bfjiequshuzuqian": "<td bgcolor=",
"bfjiequshuzuhou": "</td>",
"bfyshifouercijiequ": "0",
"bfyjiequqian": "空",
"bfyjiequhou": "空",
"bfyjiequshuzuqian": "<a",
"bfyjiequshuzuhou": "/a>",
"bfbiaotiqian": ">",
"bfbiaotihou": "<",
"bflianjieqian": "href=\"mag",
"bflianjiehou": "\"",
"bfqianzhui": "mag"}