{"name": "4kvm",
"url": "",
//"ua": "Mozilla/5.0 (Windows NT 10.0; Win64; x64) AppleWebKit/537.36 (KHTML, like Gecko) Chrome/88.0.4324.150 Safari/537.36",
"User": "空",
"直接播放": "0",
"列表显示": "0",
"横图显示": "0",
"fenlei": "电影$https://www.4kvm.com/movies/page/#电视剧$/",
"houzhui": "",
"qishiye": "1",
"shifouercijiequ": "0",
"jiequqian": "空",
"jiequhou": "空",
"jiequshuzuqian": "class=\"poster",
"jiequshuzuhou": "<div class=\"see\">",
"tupianqian": "src=\"",
"tupianhou": "\"",
"tupianqianzhui": "空",
"biaotiqian": "alt=\"",
"biaotihou": "\"",
"fubiaotiqian": "",
"fubiaotihou": "",
"lianjieqian": "href=\"",
"lianjiehou": "\"",
"ljqianzhui": "",
"ljhouzhui": "空",
"ssmoshi": "0",
"sousuoqian": "/index.php/ajax/suggest?mid=1&wd=",
"sousuohou": "&limit=500",
"sousuohouzhui": "/voddetail/",
"jspic": "pic",
"jsname": "name",
"jsid": "id",
"sousuoshifouercijiequ": "0",
"ssjiequqian": "空",
"ssjiequhou": "空",
"ssjiequshuzuqian": "空",
"ssjiequshuzuhou": "空",
"sstupianqian": "空",
"sstupianhou": "空",
"sstupianqianzhui": "空",
"ssbiaotiqian": "空",
"ssbiaotihou": "空",
"ssfubiaotiqian": "空",
"ssfubiaotihou": "空",
"sslianjieqian": "空",
"sslianjiehou": "空",
"ssljqianzhui": "空",
"ssljhouzhui": "空",
"zhuangtaiqian": "class=\"otherbox\">",
"zhuangtaihou": "</p>",
"daoyanqian": "导演：</span>",
"daoyanhou": "</p>",
"zhuyanqian": "主演：</span>",
"zhuyanhou": "</p>",
"juqingqian": "<span class=\"data\"",
"juqinghou": "</span>",
"bfshifouercijiequ": "0",
"bfjiequqian": "空",
"bfjiequhou": "空",
"bfjiequshuzuqian": "class=\"pframe",
"bfjiequshuzuhou": "</div>",
"bfyshifouercijiequ": "0",
"bfyjiequqian": "空",
"bfyjiequhou": "空",
"bfyjiequshuzuqian": "<iframe",
"bfyjiequshuzuhou": "</iframe>",
"bfbiaotiqian": "",
"bfbiaotihou": "",
"bflianjieqian": "src=\"",
"bflianjiehou": "\"",
"bfqianzhui": "空",
"bfhouzhui": ""},