{"name": "七七测试",
"url": "",
"ua": "Dalvik/2.1.0 (Linux; U; Android 5.1.1; MI 9 Build/LMY48Z)",
"User": "空",
"fenlei": "热播推荐$http://api.kunyu77.com/api.php/provide/homeBlock?type_id=0pagenum=&#电视剧$http://api.kunyu77.com/api.php/provide/searchFilter?type_id=2&pagenum=#电影$http://api.kunyu77.com/api.php/provide/searchFilter?type_id=1&pagenum=#综艺$http://api.kunyu77.com/api.php/provide/searchFilter?type_id=3&pagenum=#动漫$http://api.kunyu77.com/api.php/provide/searchFilter?type_id=4&pagenum=",
"houzhui": "&pagesize=24",
"shifouercijiequ": "0",
"jiequqian": "空",
"jiequhou": "空",
"jiequshuzuqian": "{\"video",
"jiequshuzuhou": "cornermark_color",
"tupianqian": "Cover\":\"",
"tupianhou": "\"",
"biaotiqian": "title\":\"",
"biaotihou": "\"",
"lianjieqian": "id\":",
"lianjiehou": "\"",
"ljqianzhui": "http://api.kunyu77.com/api.php/provide/videoPlaylist?devid=453CA5D864457C7DB4D0EAA93DE96E66&package=com.sevenVideo.app.android&pcode=010110004&type_id=1&sj=1661786776&sysver=9&model=OPPO%20R9tm&sys=android&version=1.8.7&brand=OPPO&ids=",
"ljhouzhui": "空",
"fubiaotiqian": "msg\":\"",
"fubiaotihou": "\"",
"sousuoqian": "http://api.kunyu77.com/api.php/provide/searchVideo?searchName=",
"sousuohou": "",
"sousuohouzhui": "",
"ssmoshi": "1",
"sousuoshifouercijiequ": "1",
"jspic": "pic",
"jsname": "name",
"jsid": "id",
"ssjiequqian": "data\":",
"ssjiequhou": "\"ext\"",
"ssjiequshuzuqian": "{",
"ssjiequshuzuhou": "}",
"sstupianqian": "videoCover\":\"",
"sstupianhou": "\"",
"ssbiaotiqian": "videoName\":\"",
"ssbiaotihou": "\"",
"sslianjieqian": "id\":",
"sslianjiehou": "\"",
"ssljqianzhui": "http://api.kunyu77.com/api.php/provide/videoPlaylist?devid=453CA5D864457C7DB4D0EAA93DE96E66&package=com.sevenVideo.app.android&pcode=010110004&type_id=1&sj=1661786776&sysver=9&model=OPPO%20R9tm&sys=android&version=1.8.7&brand=OPPO&ids=",
"bfshifouercijiequ": "0",
"bfjiequqian": "空",
"bfjiequhou": "空",
"bfjiequshuzuqian": "\"data\"",
"bfjiequshuzuhou": "}]}}",
"zhuangtaiqian": "albumTitle\":\"",
"zhuangtaihou": "\"",
"daoyanqian": "导演：</span>",
"daoyanhou": "</p>",
"zhuyanqian": "主演：</span>",
"zhuyanhou": "</p>",
"juqingqian": "albumTitle\":\"",
"juqinghou": "\"",
"bfyshifouercijiequ": "0",
"bfyjiequqian": "空",
"bfyjiequhou": "空",
"bfyjiequshuzuqian": "\"id\"",
"bfyjiequshuzuhou": "\"playurls\"",
"bfbiaotiqian": "title\":\"",
"bfbiaotihou": "\"",
"bflianjieqian": "playurl\":\"",
"bflianjiehou": "\"",
"bfqianzhui": ""},