{"name": "胖虎影视",
"url": "http://www.panghuys.com",
"tihuan": "cnzz.com",
//"User": "User-Agent:Dart/2.14 (dart:io)",
"fenlei": "电影$/vodshow/1/page/#国产电影$/vodshow/1/area/%E4%B8%AD%E5%9B%BD%E5%A4%A7%E9%99%86/page/#电视剧$/vodshow/2/page/#国产剧$/vodshow/201/page/#综艺$/vodshow/3/page/#动漫$/vodshow/4/page/#动作片$/vodshow/6/page/#喜剧片$/vodshow/7/page/#剧情片$/vodshow/24/page/#爱情片$/vodshow/8/page/#科幻片$/vodshow/9/page/#恐怖片$/vodshow/10/page/#冒险片$/vodshow/11/page/#战争片$/vodshow/12/page/#其他片$/vodshow/32/page/#日韩剧$/vodshow/14/page/#港台剧$/vodshow/15/page/#欧美剧$/vodshow/16/page/#其他剧$/vodshow/20/page/",
"houzhui": ".html",
//"fenlei": "电影$/vodshow/1--------#国产电影$/vodshow/1-%E4%B8%AD%E5%9B%BD%E5%A4%A7%E9%99%86-------#电视剧$/vodshow/2--------#国产剧$/vodshow/13--------#综艺$/vodshow/3--------#动漫$/vodshow/4--------#动作片$/vodshow/6--------#喜剧片$/vodshow/7--------#剧情片$/vodshow/24--------#爱情片$/vodshow/8--------#科幻片$/vodshow/9--------#恐怖片$/vodshow/10--------#冒险片$/vodshow/11--------#战争片$/vodshow/12--------#其他片$/vodshow/32--------#日韩剧$/vodshow/14--------#港台剧$/vodshow/15--------#欧美剧$/vodshow/16--------#其他剧$/vodshow/20--------",
//"houzhui": "---.html",
"shifouercijiequ": "1",
"jiequqian": "class=\"module-items module-poster-items-base",
"jiequhou": "page",
"jiequshuzuqian": "<a",
"jiequshuzuhou": "alt=",
"tupianqian": "data-original=\"",
"tupianhou": "\"",
"biaotiqian": "title=\"",
"biaotihou": "\"",
"lianjieqian": "href=\"",
"lianjiehou": "\"",
"sousuoqian": "/ajax/suggest?mid=1&wd=",
"sousuohou": "&limit=500",
"sousuohouzhui": "/v/",
"ssmoshi": "0",
"sousuoshifouercijiequ": "0",
"jspic": "pic",
"jsname": "name",
"jsid": "id",
"ssjiequqian": "空",
"ssjiequhou": "空",
"ssjiequshuzuqian": "空",
"ssjiequshuzuhou": "空",
"sstupianqian": "空",
"sstupianhou": "空",
"ssbiaotiqian": "空",
"ssbiaotihou": "空",
"sslianjieqian": "空",
"sslianjiehou": "空",
"xlshifouercijiequ": "0",
"xljiequqian": "空",
"xljiequhou": "空",
"xljiequshuzuqian": "class=\"module-tab-item tab-item",
"xljiequshuzuhou": "</span>",
"xlbiaotiqian": "data-dropdown-value=\"",
"xlbiaotihou": "\"",
"bfshifouercijiequ": "0",
"bfjiequqian": "空",
"bfjiequhou": "空",
"bfjiequshuzuqian": "class=\"module-play-list",
"bfjiequshuzuhou": "</div>",
"zhuangtaiqian": "class=\"module-item-note\">",
"zhuangtaihou": "</div>",
"daoyanqian": "导演：</span>",
"daoyanhou": "</div>",
"zhuyanqian": "主演：</span>",
"zhuyanhou": "</div>",
"juqingqian": "class=\"module-info-introduction-content\">",
"juqinghou": "</p>",
"bfyshifouercijiequ": "0",
"bfyjiequqian": "空",
"bfyjiequhou": "空",
"bfyjiequshuzuqian": "<a",
"bfyjiequshuzuhou": "/a>",
"bfbiaotiqian": "<span>",
"bfbiaotihou": "</span>",
"bflianjieqian": "href=\"",
"bflianjiehou": "\""},