{
    "title": "神马影院",
    "author": "香雅情",
    "UserAgent": "MOBILE_UA",
    "firstpage": "1",
    "class_url": "https://www.smdyy.cc/show/{cateId}-{area}--{class}-----{catePg}---{year}.html",
    "class_name": "电影&电视剧&动漫",
    "class_value": "1&2&4",
    "filterdata": {
        "1": [
            {
                "key": "cateId",
                "name": "类型",
                "value": [
                    {
                        "n": "全部",
                        "v": "1"
                    },
                    {
                        "n": "动作片",
                        "v": "6"
                    },
                    {
                        "n": "喜剧片",
                        "v": "7"
                    },
                    {
                        "n": "爱情片",
                        "v": "8"
                    },
                    {
                        "n": "科幻片",
                        "v": "9"
                    },
                    {
                        "n": "恐怖片",
                        "v": "10"
                    },
                    {
                        "n": "剧情片",
                        "v": "11"
                    },
                    {
                        "n": "战争片",
                        "v": "12"
                    },
                    {
                        "n": "犯罪片",
                        "v": "20"
                    },
                    {
                        "n": "惊悚片",
                        "v": "21"
                    },
                    {
                        "n": "冒险片",
                        "v": "22"
                    },
                    {
                        "n": "悬疑片",
                        "v": "23"
                    },
                    {
                        "n": "武侠片",
                        "v": "24"
                    },
                    {
                        "n": "奇幻片",
                        "v": "25"
                    },
                    {
                        "n": "纪录片",
                        "v": "26"
                    },
                    {
                        "n": "动画片",
                        "v": "27"
                    }
                ]
            },
            {
                "key": "area",
                "name": "地区",
                "value": [
                    {
                        "n": "全部",
                        "v": ""
                    },
                    {
                        "n": "大陆",
                        "v": "大陆"
                    },
                    {
                        "n": "香港",
                        "v": "香港"
                    },
                    {
                        "n": "台湾",
                        "v": "台湾"
                    },
                    {
                        "n": "美国",
                        "v": "美国"
                    },
                    {
                        "n": "法国",
                        "v": "法国"
                    },
                    {
                        "n": "英国",
                        "v": "英国"
                    },
                    {
                        "n": "日本",
                        "v": "日本"
                    },
                    {
                        "n": "韩国",
                        "v": "韩国"
                    },
                    {
                        "n": "德国",
                        "v": "德国"
                    },
                    {
                        "n": "泰国",
                        "v": "泰国"
                    },
                    {
                        "n": "印度",
                        "v": "印度"
                    },
                    {
                        "n": "意大利",
                        "v": "意大利"
                    },
                    {
                        "n": "西班牙",
                        "v": "西班牙"
                    },
                    {
                        "n": "加拿大",
                        "v": "加拿大"
                    },
                    {
                        "n": "其他",
                        "v": "其他"
                    }
                ]
            },
            {
                "key": "year",
                "name": "年份",
                "value": [
                    {
                        "n": "全部",
                        "v": ""
                    },
                    {
                        "n": "2022",
                        "v": "2022"
                    },
                    {
                        "n": "2021",
                        "v": "2021"
                    },
                    {
                        "n": "2020",
                        "v": "2020"
                    },
                    {
                        "n": "2019",
                        "v": "2019"
                    },
                    {
                        "n": "2018",
                        "v": "2018"
                    },
                    {
                        "n": "2017",
                        "v": "2017"
                    },
                    {
                        "n": "2016",
                        "v": "2016"
                    },
                    {
                        "n": "2015",
                        "v": "2015"
                    },
                    {
                        "n": "2014",
                        "v": "2014"
                    },
                    {
                        "n": "2013",
                        "v": "2013"
                    },
                    {
                        "n": "2012",
                        "v": "2012"
                    },
                    {
                        "n": "2011",
                        "v": "2011"
                    },
                    {
                        "n": "2010",
                        "v": "2010"
                    },
                    {
                        "n": "2009",
                        "v": "2009"
                    },
                    {
                        "n": "2008",
                        "v": "2008"
                    },
                    {
                        "n": "2007",
                        "v": "2007"
                    },
                    {
                        "n": "2006",
                        "v": "2006"
                    },
                    {
                        "n": "2005",
                        "v": "2005"
                    },
                    {
                        "n": "2004",
                        "v": "2004"
                    },
                    {
                        "n": "2003",
                        "v": "2003"
                    },
                    {
                        "n": "2002",
                        "v": "2002"
                    },
                    {
                        "n": "2001",
                        "v": "2001"
                    },
                    {
                        "n": "2000",
                        "v": "2000"
                    }
                ]
            }
        ],
        "2": [
            {
                "key": "cateId",
                "name": "类型",
                "value": [
                    {
                        "n": "全部",
                        "v": "2"
                    },
                    {
                        "n": "国产剧",
                        "v": "13"
                    },
                    {
                        "n": "港台剧",
                        "v": "14"
                    },
                    {
                        "n": "日韩剧",
                        "v": "15"
                    },
                    {
                        "n": "欧美剧",
                        "v": "16"
                    },
                    {
                        "n": "泰国剧",
                        "v": "28"
                    }
                ]
            },
            {
                "key": "area",
                "name": "地区",
                "value": [
                    {
                        "n": "全部",
                        "v": ""
                    },
                    {
                        "n": "大陆",
                        "v": "大陆"
                    },
                    {
                        "n": "香港",
                        "v": "香港"
                    },
                    {
                        "n": "韩国",
                        "v": "韩国"
                    },
                    {
                        "n": "美国",
                        "v": "美国"
                    },
                    {
                        "n": "日本",
                        "v": "日本"
                    },
                    {
                        "n": "法国",
                        "v": "法国"
                    },
                    {
                        "n": "英国",
                        "v": "英国"
                    },
                    {
                        "n": "德国",
                        "v": "德国"
                    },
                    {
                        "n": "台湾",
                        "v": "台湾"
                    },
                    {
                        "n": "泰国",
                        "v": "泰国"
                    },
                    {
                        "n": "印度",
                        "v": "印度"
                    },
                    {
                        "n": "其他",
                        "v": "其他"
                    }
                ]
            },
            {
                "key": "year",
                "name": "年份",
                "value": [
                    {
                        "n": "全部",
                        "v": ""
                    },
                    {
                        "n": "2022",
                        "v": "2022"
                    },
                    {
                        "n": "2021",
                        "v": "2021"
                    },
                    {
                        "n": "2020",
                        "v": "2020"
                    },
                    {
                        "n": "2019",
                        "v": "2019"
                    },
                    {
                        "n": "2018",
                        "v": "2018"
                    },
                    {
                        "n": "2017",
                        "v": "2017"
                    },
                    {
                        "n": "2016",
                        "v": "2016"
                    },
                    {
                        "n": "2015",
                        "v": "2015"
                    },
                    {
                        "n": "2014",
                        "v": "2014"
                    },
                    {
                        "n": "2013",
                        "v": "2013"
                    },
                    {
                        "n": "2012",
                        "v": "2012"
                    },
                    {
                        "n": "2011",
                        "v": "2011"
                    },
                    {
                        "n": "2010",
                        "v": "2010"
                    },
                    {
                        "n": "2009",
                        "v": "2009"
                    },
                    {
                        "n": "2008",
                        "v": "2008"
                    },
                    {
                        "n": "2007",
                        "v": "2007"
                    },
                    {
                        "n": "2006",
                        "v": "2006"
                    },
                    {
                        "n": "2005",
                        "v": "2005"
                    },
                    {
                        "n": "2004",
                        "v": "2004"
                    },
                    {
                        "n": "2003",
                        "v": "2003"
                    },
                    {
                        "n": "2002",
                        "v": "2002"
                    },
                    {
                        "n": "2001",
                        "v": "2001"
                    },
                    {
                        "n": "2000",
                        "v": "2000"
                    }
                ]
            }
        ],
        "4": [
            {
                "key": "class",
                "name": "剧情",
                "value": [
                    {
                        "n": "全部",
                        "v": "3"
                    },
                    {
                        "n": "情感",
                        "v": "情感"
                    },
                    {
                        "n": "科幻",
                        "v": "科幻"
                    },
                    {
                        "n": "热血",
                        "v": "热血"
                    },
                    {
                        "n": "推理",
                        "v": "推理"
                    },
                    {
                        "n": "搞笑",
                        "v": "搞笑"
                    },
                    {
                        "n": "冒险",
                        "v": "冒险"
                    },
                    {
                        "n": "萝莉",
                        "v": "萝莉"
                    },
                    {
                        "n": "校园",
                        "v": "校园"
                    },
                    {
                        "n": "动作",
                        "v": "动作"
                    },
                    {
                        "n": "机战",
                        "v": "机战"
                    },
                    {
                        "n": "运动",
                        "v": "运动"
                    },
                    {
                        "n": "战争",
                        "v": "战争"
                    },
                    {
                        "n": "少年",
                        "v": "少年"
                    },
                    {
                        "n": "少女",
                        "v": "少女"
                    },
                    {
                        "n": "社会",
                        "v": "社会"
                    },
                    {
                        "n": "原创",
                        "v": "原创"
                    },
                    {
                        "n": "亲子",
                        "v": "亲子"
                    },
                    {
                        "n": "益智",
                        "v": "益智"
                    },
                    {
                        "n": "励志",
                        "v": "励志"
                    },
                    {
                        "n": "其他",
                        "v": "其他"
                    }
                ]
            },
            {
                "key": "area",
                "name": "地区",
                "value": [
                    {
                        "n": "全部",
                        "v": ""
                    },
                    {
                        "n": "内地",
                        "v": "内地"
                    },
                    {
                        "n": "韩国",
                        "v": "韩国"
                    },
                    {
                        "n": "香港",
                        "v": "香港"
                    },
                    {
                        "n": "台湾",
                        "v": "台湾"
                    },
                    {
                        "n": "日本",
                        "v": "日本"
                    },
                    {
                        "n": "美国",
                        "v": "美国"
                    },
                    {
                        "n": "泰国",
                        "v": "泰国"
                    },
                    {
                        "n": "英国",
                        "v": "英国"
                    },
                    {
                        "n": "新加坡",
                        "v": "新加坡"
                    },
                    {
                        "n": "其他",
                        "v": "其他"
                    }
                ]
            },
            {
                "key": "year",
                "name": "年份",
                "value": [
                    {
                        "n": "全部",
                        "v": ""
                    },
                    {
                        "n": "2022",
                        "v": "2022"
                    },
                    {
                        "n": "2021",
                        "v": "2021"
                    },
                    {
                        "n": "2020",
                        "v": "2020"
                    },
                    {
                        "n": "2019",
                        "v": "2019"
                    },
                    {
                        "n": "2018",
                        "v": "2018"
                    },
                    {
                        "n": "2017",
                        "v": "2017"
                    },
                    {
                        "n": "2016",
                        "v": "2016"
                    },
                    {
                        "n": "2015",
                        "v": "2015"
                    },
                    {
                        "n": "2014",
                        "v": "2014"
                    },
                    {
                        "n": "2013",
                        "v": "2013"
                    },
                    {
                        "n": "2012",
                        "v": "2012"
                    },
                    {
                        "n": "2011",
                        "v": "2011"
                    },
                    {
                        "n": "2010",
                        "v": "2010"
                    },
                    {
                        "n": "2009",
                        "v": "2009"
                    },
                    {
                        "n": "2008",
                        "v": "2008"
                    },
                    {
                        "n": "2007",
                        "v": "2007"
                    },
                    {
                        "n": "2006",
                        "v": "2006"
                    },
                    {
                        "n": "2005",
                        "v": "2005"
                    },
                    {
                        "n": "2004",
                        "v": "2004"
                    },
                    {
                        "n": "2003",
                        "v": "2003"
                    },
                    {
                        "n": "2002",
                        "v": "2002"
                    },
                    {
                        "n": "2001",
                        "v": "2001"
                    },
                    {
                        "n": "2000",
                        "v": "2000"
                    }
                ]
            }
        ]
    },
    "cat_YN_twice": "1",
    "cat_twice_pre": "<ul class=\"stui-vodlist",
    "cat_twice_suf": "</ul>",
    "cat_arr_pre": "<li>",
    "cat_arr_suf": "</li>",
    "cat_pic": "data-original=\"&&\"",
    "cat_title": "title=\"&&\"",
    "cat_subtitle": "text-right\">&&<",
    "cat_url": "href=\"&&\"",
    "cat_prefix": "https://www.smdyy.cc",
    "cat_suffix": "",
    "search_url": "https://www.smdyy.cc/index.php/ajax/suggest?mid=1&wd={wd}&limit=30",
    "search_mode": "0",
    "jsonpic": "pic",
    "jsonname": "name",
    "jsonid": "id",
    "jsonstitle": "",
    "sea_YN_twice": "0",
    "sea_twice_pre": "空",
    "sea_twice_suf": "空",
    "sea_arr_pre": "空",
    "sea_arr_suf": "空",
    "sea_pic": "空",
    "sea_title": "空",
    "sea_url": "空",
    "search_prefix": "https://www.smdyy.cc/kan/",
    "search_suffix": ".html",
    "sea_subtitle": "",
    "force_play": "0",
    "play_prefix": "",
    "play_suffix": "",
    "play_header": "",
    "proj_actor": "空",
    "proj_plot": "<p class=\"desc detail\">&&</p>",
    "tab_YN_twice": "0",
    "tab_twice_pre": "",
    "tab_twice_suf": "",
    "tab_arr_pre": "<h3 class=\"iconfont icon-iconfontplay2",
    "tab_arr_suf": "/h3>",
    "tab_title": ">&&<",
    "list_YN_twice": "0",
    "list_twice_pre": "空",
    "list_twice_suf": "空",
    "list_arr_pre": "<ul class=\"stui-content__playlist",
    "list_arr_suf": "</ul>",
    "epi_YN_twice": "0",
    "epi_twice_pre": "空",
    "epi_twice_suf": "空",
    "epi_arr_pre": "<a",
    "epi_arr_suf": "/a>",
    "epi_title": ">&&<",
    "epi_url": "href=\"&&\"",
    "epiurl_prefix": "https://www.smdyy.cc",
    "epiurl_suffix": "",
    "Anal_MacPlayer":"1",
    //是否开启手动嗅探
    "ManualSniffer":"1", 
   //手动嗅探视频链接关键字，每个用#隔开 
   "VideoFormat":"mp4#.m3u8#.flv"
}