﻿{"key": "csp_xpath_112","name": "👑影集","type": 3,"api": "csp_XPathMacFilter","searchable": 1,"quickSearch": 1,"filterable": 1,
   "ext": "{\r\n\"author\":\"春风\",\r\n\"ua\":\"Mozilla/5.0(Linux;Android10;LYA-AL00;HMSCore6.4.0.312;GMSCore20.15.16)AppleWebKit/537.36(KHTML,likeGecko)Chrome/83.0.4103.106HuaweiBrowser/11.0.4.300MobileSafari/537.36\",\r\n\"homeUrl\":\"https://v.xiangdao.me\",\r\n\"dcVipFlag\":\"true\",\r\n\"dcPlayUrl\":\"true\",\r\n\"cateManual\":{\r\n\"电影\":\"1\",\r\n\"连续剧\":\"2\",\r\n\"动漫\":\"4\",\r\n\"综艺\":\"3\"\r\n\r\n},\r\n\"homeVodNode\":\"//section/section[position()>2]//ul[@class='resize_list']/li/a\",\r\n\"homeVodName\":\"/@title\",\r\n\"homeVodId\":\"/@href\",\r\n\"homeVodIdR\":\"/(\\\\S+).html\",\r\n\"homeVodImg\":\"//@data-echo\",\r\n\"homeVodImgR\":\"\",\r\n\"homeVodMark\":\"/div/span[2]/span/text()\",\r\n\"cateUrl\":\"https://v.xiangdao.me/index.php?m=vod-list-id-{cateId}-pg-{catePg}.html\",\r\n\"cateVodNode\":\"//ul[@class='resize_list']/li/a\",\r\n\"cateVodName\":\"/@title\",\r\n\"cateVodId\":\"/@href\",\r\n\"cateVodIdR\":\"/(\\\\S+).html\",\r\n\"cateVodImg\":\"//@data-echo\",\r\n\"cateVodImgR\":\"\",\r\n\"cateVodMark\":\"/div/span[2]/span/em/text()\",\r\n\"dtUrl\":\"https://v.xiangdao.me/{vid}.html\",\r\n\"dtNode\":\"//body\",\r\n\"dtName\":\"//section[@class='page-hd']/a/@title\",\r\n\"dtNameR\":\"\",\r\n\"dtImg\":\"//section[@class='page-hd']/a/img/@src\",\r\n\"dtImgR\":\"\",\r\n\"dtcate\":\"\",\r\n\"dtcateR\":\"\",\r\n\"dtYear\":\"//span[contains(text(),'年代')]/following-sibling::a/text()\",\r\n\"dtYearR\":\"\",\r\n\"dtArea\":\"\",\r\n\"dtAreaR\":\"\",\r\n\"dtDirector\":\"//span[contains(text(),'导演')]/following-sibling::a/text()\",\r\n\"dtDirectorR\":\"\",\r\n\"dtActor\":\"//span[contains(text(),'主演')]/following-sibling::a/text()\",\r\n\"dtActorR\":\"\",\r\n\"dtDesc\":\"//article[@class='detail-con']/p/text()\",\r\n\"dtDescR\":\"\",\r\n\"dtFromNode\":\"//div[@class='hd']/ul/li/a\",\r\n\"dtFromName\":\"/text()\",\r\n\"dtFromNameR\":\"\",\r\n\"dtUrlNode\":\"//div[@class='numList']/ul\",\r\n\"dtUrlSubNode\":\"/li/a\",\r\n\"dtUrlId\":\"@href\",\r\n\"dtUrlIdR\":\"/(\\\\S+).html\",\r\n\"dtUrlName\":\"/text()\",\r\n\"dtUrlNameR\":\"\",\r\n\"playUrl\":\"https://v.xiangdao.me/{playUrl}.html\",\r\n\"playUa\":\"\",\r\n\"searchUrl\":\"https://v.xiangdao.me/index.php?m=vod-search&wd={wd}\",\r\n\"scVodNode\":\"//ul[@class='ulPicTxtclearfix']/li\",\r\n\"scVodName\":\"//span[@class='sTit']/text()\",\r\n\"scVodId\":\"//span[@class='sBtn']/a/@href\",\r\n\"scVodIdR\":\"/(\\\\S+).html\",\r\n\"scVodImg\":\"//img/@data-src\",\r\n\"scVodMark\":\"//span[@class='sDes'][2]/text()\",\r\n\"filter\":{\r\n\"1\":[\r\n{\"name\":\"类型\",\"key\":\"cateId\",\"value\":[{\"n\":\"全部\",\"v\":\"1\"},{\"n\":\"动作片\",\"v\":\"5\"},{\"n\":\"喜剧片\",\"v\":\"6\"},{\"n\":\"爱情片\",\"v\":\"7\"},{\"n\":\"科幻片\",\"v\":\"8\"},{\"n\":\"恐怖片\",\"v\":\"9\"},{\"n\":\"剧情片\",\"v\":\"10\"},{\"n\":\"战争片\",\"v\":\"11\"},{\"n\":\"惊悚片\",\"v\":\"16\"},{\"n\":\"奇幻片\",\"v\":\"17\"}]},\r\n{\"name\":\"年份\",\"key\":\"year\",\"value\":[{\"n\":\"全部\",\"v\":\"\"},{\"n\":\"2022\",\"v\":\"2022\"},{\"n\":\"2021\",\"v\":\"2021\"},{\"n\":\"2020\",\"v\":\"2020\"},{\"n\":\"2019\",\"v\":\"2019\"},{\"n\":\"2018\",\"v\":\"2018\"},{\"n\":\"2017\",\"v\":\"2017\"},{\"n\":\"2016\",\"v\":\"2016\"},{\"n\":\"2015\",\"v\":\"2015\"},{\"n\":\"2014\",\"v\":\"2014\"},{\"n\":\"2013\",\"v\":\"2013\"},{\"n\":\"2012\",\"v\":\"2012\"},{\"n\":\"2011\",\"v\":\"2011\"},{\"n\":\"2010\",\"v\":\"2010\"}]},\r\n{\"name\":\"地区\",\"key\":\"area\",\"value\":[{\"n\":\"全部\",\"v\":\"\"},{\"n\":\"大陆\",\"v\":\"大陆\"},{\"n\":\"香港\",\"v\":\"香港\"},{\"n\":\"台湾\",\"v\":\"台湾\"},{\"n\":\"米国\",\"v\":\"米国\"},{\"n\":\"韩国\",\"v\":\"韩国\"},{\"n\":\"日本\",\"v\":\"日本\"},{\"n\":\"泰国\",\"v\":\"泰国\"},{\"n\":\"新加坡\",\"v\":\"新加坡\"},{\"n\":\"马来西亚\",\"v\":\"马来西亚\"},{\"n\":\"印度\",\"v\":\"印度\"},{\"n\":\"英国\",\"v\":\"英国\"},{\"n\":\"法国\",\"v\":\"法国\"},{\"n\":\"加拿大\",\"v\":\"加拿大\"}]},\r\n{\"name\":\"排序\",\"key\":\"by\",\"value\":[{\"n\":\"全部\",\"v\":\"\"},{\"n\":\"时间\",\"v\":\"time\"},{\"n\":\"人气\",\"v\":\"hits\"},{\"n\":\"评分\",\"v\":\"score\"}]}\r\n],\r\n\"2\":[\r\n{\"name\":\"类型\",\"key\":\"cateId\",\"value\":[{\"n\":\"全部\",\"v\":\"2\"},{\"n\":\"国产剧\",\"v\":\"12\"},{\"n\":\"港台剧\",\"v\":\"13\"},{\"n\":\"日韩剧\",\"v\":\"14\"},{\"n\":\"欧美剧\",\"v\":\"15\"}]},\r\n{\"name\":\"年份\",\"key\":\"year\",\"value\":[{\"n\":\"全部\",\"v\":\"\"},{\"n\":\"2022\",\"v\":\"2022\"},{\"n\":\"2021\",\"v\":\"2021\"},{\"n\":\"2020\",\"v\":\"2020\"},{\"n\":\"2019\",\"v\":\"2019\"},{\"n\":\"2018\",\"v\":\"2018\"},{\"n\":\"2017\",\"v\":\"2017\"},{\"n\":\"2016\",\"v\":\"2016\"},{\"n\":\"2015\",\"v\":\"2015\"},{\"n\":\"2014\",\"v\":\"2014\"},{\"n\":\"2013\",\"v\":\"2013\"},{\"n\":\"2012\",\"v\":\"2012\"},{\"n\":\"2011\",\"v\":\"2011\"},{\"n\":\"2010\",\"v\":\"2010\"}]},\r\n{\"name\":\"地区\",\"key\":\"area\",\"value\":[{\"n\":\"全部\",\"v\":\"\"},{\"n\":\"大陆\",\"v\":\"大陆\"},{\"n\":\"香港\",\"v\":\"香港\"},{\"n\":\"台湾\",\"v\":\"台湾\"},{\"n\":\"米国\",\"v\":\"米国\"},{\"n\":\"韩国\",\"v\":\"韩国\"},{\"n\":\"日本\",\"v\":\"日本\"},{\"n\":\"泰国\",\"v\":\"泰国\"},{\"n\":\"新加坡\",\"v\":\"新加坡\"},{\"n\":\"马来西亚\",\"v\":\"马来西亚\"},{\"n\":\"印度\",\"v\":\"印度\"},{\"n\":\"英国\",\"v\":\"英国\"},{\"n\":\"法国\",\"v\":\"法国\"},{\"n\":\"加拿大\",\"v\":\"加拿大\"}]},\r\n{\"name\":\"排序\",\"key\":\"by\",\"value\":[{\"n\":\"全部\",\"v\":\"\"},{\"n\":\"时间\",\"v\":\"time\"},{\"n\":\"人气\",\"v\":\"hits\"},{\"n\":\"评分\",\"v\":\"score\"}]}\r\n],\r\n\"3\":[\r\n{\"name\":\"类型\",\"key\":\"cateId\",\"value\":[{\"n\":\"全部\",\"v\":\"3\"}]},\r\n{\"name\":\"年份\",\"key\":\"year\",\"value\":[{\"n\":\"全部\",\"v\":\"\"},{\"n\":\"2022\",\"v\":\"2022\"},{\"n\":\"2021\",\"v\":\"2021\"},{\"n\":\"2020\",\"v\":\"2020\"},{\"n\":\"2019\",\"v\":\"2019\"},{\"n\":\"2018\",\"v\":\"2018\"},{\"n\":\"2017\",\"v\":\"2017\"},{\"n\":\"2016\",\"v\":\"2016\"},{\"n\":\"2015\",\"v\":\"2015\"},{\"n\":\"2014\",\"v\":\"2014\"},{\"n\":\"2013\",\"v\":\"2013\"},{\"n\":\"2012\",\"v\":\"2012\"},{\"n\":\"2011\",\"v\":\"2011\"},{\"n\":\"2010\",\"v\":\"2010\"}]},\r\n{\"name\":\"地区\",\"key\":\"area\",\"value\":[{\"n\":\"全部\",\"v\":\"\"},{\"n\":\"大陆\",\"v\":\"大陆\"},{\"n\":\"香港\",\"v\":\"香港\"},{\"n\":\"台湾\",\"v\":\"台湾\"},{\"n\":\"米国\",\"v\":\"米国\"},{\"n\":\"韩国\",\"v\":\"韩国\"},{\"n\":\"日本\",\"v\":\"日本\"},{\"n\":\"泰国\",\"v\":\"泰国\"},{\"n\":\"新加坡\",\"v\":\"新加坡\"},{\"n\":\"马来西亚\",\"v\":\"马来西亚\"},{\"n\":\"印度\",\"v\":\"印度\"},{\"n\":\"英国\",\"v\":\"英国\"},{\"n\":\"法国\",\"v\":\"法国\"},{\"n\":\"加拿大\",\"v\":\"加拿大\"}]},\r\n{\"name\":\"排序\",\"key\":\"by\",\"value\":[{\"n\":\"全部\",\"v\":\"\"},{\"n\":\"时间\",\"v\":\"time\"},{\"n\":\"人气\",\"v\":\"hits\"},{\"n\":\"评分\",\"v\":\"score\"}]}\r\n],\r\n\"4\":[\r\n{\"name\":\"类型\",\"key\":\"cateId\",\"value\":[{\"n\":\"全部\",\"v\":\"4\"},{\"n\":\"动漫剧\",\"v\":\"18\"},{\"n\":\"动漫片\",\"v\":\"19\"}]},\r\n{\"name\":\"年份\",\"key\":\"year\",\"value\":[{\"n\":\"全部\",\"v\":\"\"},{\"n\":\"2022\",\"v\":\"2022\"},{\"n\":\"2021\",\"v\":\"2021\"},{\"n\":\"2020\",\"v\":\"2020\"},{\"n\":\"2019\",\"v\":\"2019\"},{\"n\":\"2018\",\"v\":\"2018\"},{\"n\":\"2017\",\"v\":\"2017\"},{\"n\":\"2016\",\"v\":\"2016\"},{\"n\":\"2015\",\"v\":\"2015\"},{\"n\":\"2014\",\"v\":\"2014\"},{\"n\":\"2013\",\"v\":\"2013\"},{\"n\":\"2012\",\"v\":\"2012\"},{\"n\":\"2011\",\"v\":\"2011\"},{\"n\":\"2010\",\"v\":\"2010\"}]},\r\n{\"name\":\"地区\",\"key\":\"area\",\"value\":[{\"n\":\"全部\",\"v\":\"\"},{\"n\":\"大陆\",\"v\":\"大陆\"},{\"n\":\"香港\",\"v\":\"香港\"},{\"n\":\"台湾\",\"v\":\"台湾\"},{\"n\":\"米国\",\"v\":\"米国\"},{\"n\":\"韩国\",\"v\":\"韩国\"},{\"n\":\"日本\",\"v\":\"日本\"},{\"n\":\"泰国\",\"v\":\"泰国\"},{\"n\":\"新加坡\",\"v\":\"新加坡\"},{\"n\":\"马来西亚\",\"v\":\"马来西亚\"},{\"n\":\"印度\",\"v\":\"印度\"},{\"n\":\"英国\",\"v\":\"英国\"},{\"n\":\"法国\",\"v\":\"法国\"},{\"n\":\"加拿大\",\"v\":\"加拿大\"}]},\r\n{\"name\":\"排序\",\"key\":\"by\",\"value\":[{\"n\":\"全部\",\"v\":\"\"},{\"n\":\"时间\",\"v\":\"time\"},{\"n\":\"人气\",\"v\":\"hits\"},{\"n\":\"评分\",\"v\":\"score\"}]}\r\n]\r\n}}"},
  