
{
  "name": "劇迷",
 // "url": "https://gimytv.app",
 // "User": "空",
 "shouye": "1",
  
  //"fenlei": "陸剧$/genre/cn---#韩剧$/genre/kr---#美剧$/genre/us---#日剧$/genre/jp---#台剧$/genre/tw---#港剧$/genre/hk---#海外剧$/genre/ot---#纪录片$/genre/documentary---#综艺$/genre/tv_show---#日漫$/genre/anime-日本--#美漫$/genre/anime-美國--#欧漫$/genre/anime-歐美--#陸漫$/genre/anime-大陸--#台漫$/genre/anime-臺灣--#港漫$/genre/anime-香港--#韩漫$/genre/anime-韓國--#电影$/genre/movies---#动画电影$/genre/animation---#剧情片$/genre/drama---#动作片$/genre/action---#科幻片$/genre/scifi---#爱情片$/genre/romance---#奇幻片$/genre/magic---#战争片$/genre/war---#恐怖片$/genre/horror---#喜剧片$/genre/comedymovie---",
  "houzhui": "/by/time.html",
  
  "shifouercijiequ": "0",
  "jiequqian": "空",
  "jiequhou": "空",
  "jiequshuzuqian": "class=\"myui-vodlist__box\"",
  "jiequshuzuhou": "</a>",
  "tupianqian": "data-original=\"",
  "tupianhou": "\"",
  "biaotiqian": "title=\"",
  "biaotihou": "\"",
  "lianjieqian": "href=\"",
  "lianjiehou": "\"",

  "sousuoqian": "/index.php/ajax/suggest?mid=1&wd=",
  "sousuohou": "&limit=500",
  "sousuohouzhui": "/v/",
  "ssmoshi": "0",
  "sousuoshifouercijiequ": "0",
  "jspic": "pic",
  "jsname": "name",
  "jsid": "id",
  "ssjiequqian": "空",
  "ssjiequhou": "空",
  "ssjiequshuzuqian": "空",
  "ssjiequshuzuhou": "空",
  "sstupianqian": "空",
  "sstupianhou": "空",
  "ssbiaotiqian": "空",
  "ssbiaotihou": "空",
  "sslianjieqian": "空",
  "sslianjiehou": "空",
  
  "bfshifouercijiequ": "0",
  "bfjiequqian": "空",
  "bfjiequhou": "空",
  "bfjiequshuzuqian": "class=\"myui-content__list sort-list scrollbar clearfix\"",
  "bfjiequshuzuhou": "</ul>",
  
  "zhuangtaiqian": "狀態：</span>",
  "zhuangtaihou": "</p>",
  "daoyanqian": "導演：</span>",
  "daoyanhou": "</p>",
  "zhuyanqian": "主演：</span>",
  "zhuyanhou": "</p>",
  "juqingqian": "class=\"col-pd text-collapse content\">",
  "juqinghou": "</p>",
  
  "bfyshifouercijiequ": "0",
  "bfyjiequqian": "空",
  "bfyjiequhou": "空",
  "bfyjiequshuzuqian": "<a",
  "bfyjiequshuzuhou": "/a>",
  "bfbiaotiqian": ">",
  "bfbiaotihou": "<",
  "bflianjieqian": "href=\"",
  "bflianjiehou": "\""

//"免嗅":"0",
//"副标题":"class=\"pic-text text-center\">&&</span>",
//"导演": "导演：&&</p",
//"主演": "主演：&&</p",
//"播放标题":">&&",
//"播放数组":"class=\"myui-content__list sort-list scrollbar clearfix&&</ul>",
"分类":"电视剧$tvseries#电影$movies#动漫$anime#综艺$tv_show",
"分类url":"https://gimytv.com/genre/{cateId}-{area}-{year}-{catePg}/by/{by}.html"
"年份":"2000-2022",
"筛选":"0"
}
