{
  "分类":"电影$1#连续剧$2#动漫$4#综艺$3#B站$31",
  "分类url": "https://shangjihuoke.com/index.php/vod/show/id/{cateId}/page/{catePg}.html",
  "副标题": "module-item-note\">&&</div>",
  "线路数组": "data-dropdown-value=&&</div>",
  "线路标题": "<span>&&</small>",
  "导演": "导演：&&</div>",
  "主演": "主演：&&</div>",
  "简介": "<p>&&</p>",
  "播放数组": "<div class=\"module-play-list\">&&</div>",
  "免嗅": "1",
  "筛选": {
    "1":[
  {"key":"class","name":"剧情","value":[
  {"n":"全部","v":""},
  {"n":"动作","v":"/class/动作"},
  {"n":"喜剧","v":"/class/喜剧"},
  {"n":"爱情","v":"/class/爱情"},
  {"n":"科幻","v":"/class/科幻"},
  {"n":"剧情","v":"/class/剧情"},
  {"n":"悬疑","v":"/class/悬疑"},
  {"n":"惊悚","v":"/class/惊悚"},
  {"n":"恐怖","v":"/class/恐怖"},
  {"n":"犯罪","v":"/class/犯罪"},
  {"n":"谍战","v":"/class/谍战"},
  {"n":"冒险","v":"/class/冒险"},
  {"n":"奇幻","v":"/class/奇幻"},
  {"n":"灾难","v":"/class/灾难"},
  {"n":"战争","v":"/class/战争"},
  {"n":"动画","v":"/class/动画"},
  {"n":"歌舞","v":"/class/歌舞"},
  {"n":"历史","v":"/class/历史"},
  {"n":"传记","v":"/class/传记"},
  {"n":"其他","v":"/class/其他"}]},
  
  {"key":"area","name":"地区","value":[
  {"n":"全部","v":""},
  {"n":"中国大陆","v":"/area/中国大陆"},
  {"n":"中国香港","v":"/area/中国香港"},
  {"n":"中国台湾","v":"/area/中国台湾"},
  {"n":"美国","v":"/area/美国"},
  {"n":"法国","v":"/area/法国"},
  {"n":"英国","v":"/area/英国"},
  {"n":"日本","v":"/area/日本"},
  {"n":"韩国","v":"/area/韩国"},
  {"n":"德国","v":"/area/德国"},
  {"n":"泰国","v":"/area/泰国"},
  {"n":"印度","v":"/area/印度"},
  {"n":"意大利","v":"/area/意大利"},
  {"n":"西班牙","v":"/area/西班牙"},
  {"n":"加拿大","v":"/area/加拿大"},
  {"n":"其他","v":"/area/其他"}]},
  
  {"key":"lang","name":"语言","value":[
  {"n":"全部","v":""},
  {"n":"普通话","v":"/lang/普通话"},
  {"n":"英语","v":"/lang/英语"},
  {"n":"粤语","v":"/lang/粤语"},
  {"n":"闽南语","v":"/lang/闽南语"},
  {"n":"韩语","v":"/lang/韩语"},
  {"n":"日语","v":"/lang/日语"},
  {"n":"法语","v":"/lang/法语"},
  {"n":"德语","v":"/lang/德语"},
  {"n":"其它","v":"/lang/其它"}]},
  
  {"key":"year","name":"年份","value":[
  {"n":"全部","v":""},
  {"n":"2022","v":"/year/2022"},
  {"n":"2021","v":"/year/2021"},
  {"n":"2020","v":"/year/2020"},
  {"n":"2019","v":"/year/2019"},
  {"n":"2018","v":"/year/2018"},
  {"n":"2017","v":"/year/2017"},
  {"n":"2016","v":"/year/2016"},
  {"n":"2015","v":"/year/2015"},
  {"n":"2014","v":"/year/2014"},
  {"n":"2013","v":"/year/2013"},
  {"n":"2012","v":"/year/2012"},
  {"n":"2011","v":"/year/2011"},
  {"n":"2010","v":"/year/2010"},
  {"n":"2009","v":"/year/2009"},
  {"n":"2008","v":"/year/2008"},
  {"n":"2007","v":"/year/2007"},
  {"n":"2006","v":"/year/2006"},
  {"n":"2005","v":"/year/2005"},
  {"n":"2004","v":"/year/2004"},
  {"n":"2003","v":"/year/2003"},
  {"n":"2002","v":"/year/2002"},
  {"n":"2001","v":"/year/2001"},
  {"n":"2000","v":"/year/2000"}]},
  
  {"key":"letter","name":"字母","value":[
  {"n":"全部","v":""},
  {"n":"A","v":"/letter/A"},
  {"n":"B","v":"/letter/B"},
  {"n":"C","v":"/letter/C"},
  {"n":"D","v":"/letter/D"},
  {"n":"E","v":"/letter/E"},
  {"n":"F","v":"/letter/F"},
  {"n":"G","v":"/letter/G"},
  {"n":"H","v":"/letter/H"},
  {"n":"I","v":"/letter/I"},
  {"n":"J","v":"/letter/J"},
  {"n":"K","v":"/letter/K"},
  {"n":"L","v":"/letter/L"},
  {"n":"M","v":"/letter/M"},
  {"n":"N","v":"/letter/N"},
  {"n":"O","v":"/letter/O"},
  {"n":"P","v":"/letter/P"},
  {"n":"Q","v":"/letter/Q"},
  {"n":"R","v":"/letter/R"},
  {"n":"S","v":"/letter/S"},
  {"n":"T","v":"/letter/T"},
  {"n":"U","v":"/letter/U"},
  {"n":"V","v":"/letter/V"},
  {"n":"W","v":"/letter/W"},
  {"n":"X","v":"/letter/X"},
  {"n":"Y","v":"/letter/Y"},
  {"n":"Z","v":"/letter/Z"},
  {"n":"0-9","v":"/letter/0-9"}]},
  
  {"key":"by","name":"排序","value":[
  {"n":"时间","v":"/by/time"},
  {"n":"人气","v":"/by/hits"},
  {"n":"评分","v":"/by/score"}]}],
  
  "2":[
  {"key":"class","name":"剧情","value":[
  {"n":"全部","v":""},
  {"n":"武侠","v":"/class/武侠"},
  {"n":"喜剧","v":"/class/喜剧"},
  {"n":"爱情","v":"/class/爱情"},
  {"n":"剧情","v":"/class/剧情"},
  {"n":"青春","v":"/class/青春"},
  {"n":"悬疑","v":"/class/悬疑"},
  {"n":"科幻","v":"/class/科幻"},
  {"n":"军事","v":"/class/军事"},
  {"n":"警匪","v":"/class/警匪"},
  {"n":"谍战","v":"/class/谍战"},
  {"n":"奇幻","v":"/class/奇幻"},
  {"n":"偶像","v":"/class/偶像"},
  {"n":"年代","v":"/class/年代"},
  {"n":"乡村","v":"/class/乡村"},
  {"n":"都市","v":"/class/都市"},
  {"n":"家庭","v":"/class/家庭"},
  {"n":"古装","v":"/class/古装"},
  {"n":"历史","v":"/class/历史"},
  {"n":"神话","v":"/class/神话"},
  {"n":"其他","v":"/class/其他"}]},
  
  {"key":"area","name":"地区","value":[
  {"n":"全部","v":""},
  {"n":"中国大陆","v":"/area/中国大陆"},
  {"n":"中国香港","v":"/area/中国香港"},
  {"n":"中国台湾","v":"/area/中国台湾"},
  {"n":"美国","v":"/area/美国"},
  {"n":"韩国","v":"/area/韩国"},
  {"n":"日本","v":"/area/日本"},
  {"n":"法国","v":"/area/法国"},
  {"n":"英国","v":"/area/英国"},
  {"n":"德国","v":"/area/德国"},
  {"n":"泰国","v":"/area/泰国"},
  {"n":"印度","v":"/area/印度"},
  {"n":"其他","v":"/area/其他"}]},
  
  {"key":"lang","name":"语言","value":[
  {"n":"全部","v":""},
  {"n":"普通话","v":"/lang/普通话"},
  {"n":"英语","v":"/lang/英语"},
  {"n":"粤语","v":"/lang/粤语"},
  {"n":"闽南语","v":"/lang/闽南语"},
  {"n":"韩语","v":"/lang/韩语"},
  {"n":"日语","v":"/lang/日语"},
  {"n":"法语","v":"/lang/法语"},
  {"n":"德语","v":"/lang/德语"},
  {"n":"其它","v":"/lang/其它"}]},
  
  {"key":"year","name":"年份","value":[
  {"n":"全部","v":""},
  {"n":"2022","v":"/year/2022"},
  {"n":"2021","v":"/year/2021"},
  {"n":"2020","v":"/year/2020"},
  {"n":"2019","v":"/year/2019"},
  {"n":"2018","v":"/year/2018"},
  {"n":"2017","v":"/year/2017"},
  {"n":"2016","v":"/year/2016"},
  {"n":"2015","v":"/year/2015"},
  {"n":"2014","v":"/year/2014"},
  {"n":"2013","v":"/year/2013"},
  {"n":"2012","v":"/year/2012"},
  {"n":"2011","v":"/year/2011"},
  {"n":"2010","v":"/year/2010"},
  {"n":"2009","v":"/year/2009"},
  {"n":"2008","v":"/year/2008"},
  {"n":"2007","v":"/year/2007"},
  {"n":"2006","v":"/year/2006"},
  {"n":"2005","v":"/year/2005"},
  {"n":"2004","v":"/year/2004"},
  {"n":"2003","v":"/year/2003"},
  {"n":"2002","v":"/year/2002"},
  {"n":"2001","v":"/year/2001"},
  {"n":"2000","v":"/year/2000"}]},
  
  {"key":"letter","name":"字母","value":[
  {"n":"全部","v":""},
  {"n":"A","v":"/letter/A"},
  {"n":"B","v":"/letter/B"},
  {"n":"C","v":"/letter/C"},
  {"n":"D","v":"/letter/D"},
  {"n":"E","v":"/letter/E"},
  {"n":"F","v":"/letter/F"},
  {"n":"G","v":"/letter/G"},
  {"n":"H","v":"/letter/H"},
  {"n":"I","v":"/letter/I"},
  {"n":"J","v":"/letter/J"},
  {"n":"K","v":"/letter/K"},
  {"n":"L","v":"/letter/L"},
  {"n":"M","v":"/letter/M"},
  {"n":"N","v":"/letter/N"},
  {"n":"O","v":"/letter/O"},
  {"n":"P","v":"/letter/P"},
  {"n":"Q","v":"/letter/Q"},
  {"n":"R","v":"/letter/R"},
  {"n":"S","v":"/letter/S"},
  {"n":"T","v":"/letter/T"},
  {"n":"U","v":"/letter/U"},
  {"n":"V","v":"/letter/V"},
  {"n":"W","v":"/letter/W"},
  {"n":"X","v":"/letter/X"},
  {"n":"Y","v":"/letter/Y"},
  {"n":"Z","v":"/letter/Z"},
  {"n":"0-9","v":"/letter/0-9"}]},
  
  {"key":"by","name":"排序","value":[
  {"n":"时间","v":"/by/time"},
  {"n":"人气","v":"/by/hits"},
  {"n":"评分","v":"/by/score"}]}],
  
  "3":[
  {"key":"class","name":"剧情","value":[
  {"n":"全部","v":""},
  {"n":"脱口秀","v":"/class/脱口秀"},
  {"n":"真人秀","v":"/class/真人秀"},
  {"n":"搞笑","v":"/class/搞笑"},
  {"n":"访谈","v":"/class/访谈"},
  {"n":"生活","v":"/class/生活"},
  {"n":"晚会","v":"/class/晚会"},
  {"n":"美食","v":"/class/美食"},
  {"n":"游戏","v":"/class/游戏"},
  {"n":"亲子","v":"/class/亲子"},
  {"n":"旅游","v":"/class/旅游"},
  {"n":"文化","v":"/class/文化"},
  {"n":"体育","v":"/class/体育"},
  {"n":"时尚","v":"/class/时尚"},
  {"n":"纪实","v":"/class/纪实"},
  {"n":"益智","v":"/class/益智"},
  {"n":"演艺","v":"/class/演艺"},
  {"n":"歌舞","v":"/class/歌舞"},
  {"n":"音乐","v":"/class/音乐"},
  {"n":"播报","v":"/class/播报"},
  {"n":"其他","v":"/class/其他"}]},
  
  {"key":"area","name":"地区","value":[
  {"n":"全部","v":""},
  {"n":"中国大陆","v":"/area/中国大陆"},
  {"n":"中国香港","v":"/area/中国香港"},
  {"n":"中国台湾","v":"/area/中国台湾"},
  {"n":"美国","v":"/area/美国"},
  {"n":"韩国","v":"/area/韩国"},
  {"n":"日本","v":"/area/日本"},
  {"n":"法国","v":"/area/法国"},
  {"n":"英国","v":"/area/英国"},
  {"n":"德国","v":"/area/德国"},
  {"n":"泰国","v":"/area/泰国"},
  {"n":"印度","v":"/area/印度"},
  {"n":"其他","v":"/area/其他"}]},
  
  {"key":"lang","name":"语言","value":[
  {"n":"全部","v":""},
  {"n":"普通话","v":"/lang/普通话"},
  {"n":"英语","v":"/lang/英语"},
  {"n":"粤语","v":"/lang/粤语"},
  {"n":"闽南语","v":"/lang/闽南语"},
  {"n":"韩语","v":"/lang/韩语"},
  {"n":"日语","v":"/lang/日语"},
  {"n":"其它","v":"/lang/其它"}]},
  
  {"key":"year","name":"年份","value":[
  {"n":"全部","v":""},
  {"n":"2022","v":"/year/2022"},
  {"n":"2021","v":"/year/2021"},
  {"n":"2020","v":"/year/2020"},
  {"n":"2019","v":"/year/2019"},
  {"n":"2018","v":"/year/2018"},
  {"n":"2017","v":"/year/2017"},
  {"n":"2016","v":"/year/2016"},
  {"n":"2015","v":"/year/2015"},
  {"n":"2014","v":"/year/2014"},
  {"n":"2013","v":"/year/2013"},
  {"n":"2012","v":"/year/2012"},
  {"n":"2011","v":"/year/2011"},
  {"n":"2010","v":"/year/2010"},
  {"n":"2009","v":"/year/2009"},
  {"n":"2008","v":"/year/2008"},
  {"n":"2007","v":"/year/2007"},
  {"n":"2006","v":"/year/2006"},
  {"n":"2005","v":"/year/2005"},
  {"n":"2004","v":"/year/2004"},
  {"n":"2003","v":"/year/2003"},
  {"n":"2002","v":"/year/2002"},
  {"n":"2001","v":"/year/2001"},
  {"n":"2000","v":"/year/2000"}]},
  
  {"key":"letter","name":"字母","value":[
  {"n":"全部","v":""},
  {"n":"A","v":"/letter/A"},
  {"n":"B","v":"/letter/B"},
  {"n":"C","v":"/letter/C"},
  {"n":"D","v":"/letter/D"},
  {"n":"E","v":"/letter/E"},
  {"n":"F","v":"/letter/F"},
  {"n":"G","v":"/letter/G"},
  {"n":"H","v":"/letter/H"},
  {"n":"I","v":"/letter/I"},
  {"n":"J","v":"/letter/J"},
  {"n":"K","v":"/letter/K"},
  {"n":"L","v":"/letter/L"},
  {"n":"M","v":"/letter/M"},
  {"n":"N","v":"/letter/N"},
  {"n":"O","v":"/letter/O"},
  {"n":"P","v":"/letter/P"},
  {"n":"Q","v":"/letter/Q"},
  {"n":"R","v":"/letter/R"},
  {"n":"S","v":"/letter/S"},
  {"n":"T","v":"/letter/T"},
  {"n":"U","v":"/letter/U"},
  {"n":"V","v":"/letter/V"},
  {"n":"W","v":"/letter/W"},
  {"n":"X","v":"/letter/X"},
  {"n":"Y","v":"/letter/Y"},
  {"n":"Z","v":"/letter/Z"},
  {"n":"0-9","v":"/letter/0-9"}]},
  
  {"key":"by","name":"排序","value":[
  {"n":"时间","v":"/by/time"},
  {"n":"人气","v":"/by/hits"},
  {"n":"评分","v":"/by/score"}]}],
  
  "4":[
  {"key":"class","name":"剧情","value":[
  {"n":"全部","v":""},
  {"n":"热血","v":"/class/热血"},
  {"n":"格斗","v":"/class/格斗"},
  {"n":"恋爱","v":"/class/恋爱"},
  {"n":"少女","v":"/class/少女"},
  {"n":"校园","v":"/class/校园"},
  {"n":"搞笑","v":"/class/搞笑"},
  {"n":"神魔","v":"/class/神魔"},
  {"n":"机战","v":"/class/机战"},
  {"n":"科幻","v":"/class/科幻"},
  {"n":"真人","v":"/class/真人"},
  {"n":"青春","v":"/class/青春"},
  {"n":"魔法","v":"/class/魔法"},
  {"n":"神话","v":"/class/神话"},
  {"n":"冒险","v":"/class/冒险"},
  {"n":"运动","v":"/class/运动"},
  {"n":"竞技","v":"/class/竞技"},
  {"n":"童话","v":"/class/童话"},
  {"n":"亲子","v":"/class/亲子"},
  {"n":"教育","v":"/class/教育"},
  {"n":"励志","v":"/class/励志"},
  {"n":"剧情","v":"/class/剧情"},
  {"n":"其他","v":"/class/其他"}]},
  
  {"key":"area","name":"地区","value":[
  {"n":"全部","v":""},
  {"n":"中国大陆","v":"/area/中国大陆"},
  {"n":"日本","v":"/area/日本"},
  {"n":"美国","v":"/area/美国"},
  {"n":"其他","v":"/area/其他"}]},
  
  {"key":"lang","name":"语言","value":[
  {"n":"全部","v":""},
  {"n":"普通话","v":"/lang/普通话"},
  {"n":"英语","v":"/lang/英语"},
  {"n":"粤语","v":"/lang/粤语"},
  {"n":"闽南语","v":"/lang/闽南语"},
  {"n":"韩语","v":"/lang/韩语"},
  {"n":"日语","v":"/lang/日语"},
  {"n":"其它","v":"/lang/其它"}]},
  
  {"key":"year","name":"年份","value":[
  {"n":"全部","v":""},
  {"n":"2022","v":"/year/2022"},
  {"n":"2021","v":"/year/2021"},
  {"n":"2020","v":"/year/2020"},
  {"n":"2019","v":"/year/2019"},
  {"n":"2018","v":"/year/2018"},
  {"n":"2017","v":"/year/2017"},
  {"n":"2016","v":"/year/2016"},
  {"n":"2015","v":"/year/2015"},
  {"n":"2014","v":"/year/2014"},
  {"n":"2013","v":"/year/2013"},
  {"n":"2012","v":"/year/2012"},
  {"n":"2011","v":"/year/2011"},
  {"n":"2010","v":"/year/2010"},
  {"n":"2009","v":"/year/2009"},
  {"n":"2008","v":"/year/2008"},
  {"n":"2007","v":"/year/2007"},
  {"n":"2006","v":"/year/2006"},
  {"n":"2005","v":"/year/2005"},
  {"n":"2004","v":"/year/2004"},
  {"n":"2003","v":"/year/2003"},
  {"n":"2002","v":"/year/2002"},
  {"n":"2001","v":"/year/2001"},
  {"n":"2000","v":"/year/2000"}]},
  
  {"key":"letter","name":"字母","value":[
  {"n":"全部","v":""},
  {"n":"A","v":"/letter/A"},
  {"n":"B","v":"/letter/B"},
  {"n":"C","v":"/letter/C"},
  {"n":"D","v":"/letter/D"},
  {"n":"E","v":"/letter/E"},
  {"n":"F","v":"/letter/F"},
  {"n":"G","v":"/letter/G"},
  {"n":"H","v":"/letter/H"},
  {"n":"I","v":"/letter/I"},
  {"n":"J","v":"/letter/J"},
  {"n":"K","v":"/letter/K"},
  {"n":"L","v":"/letter/L"},
  {"n":"M","v":"/letter/M"},
  {"n":"N","v":"/letter/N"},
  {"n":"O","v":"/letter/O"},
  {"n":"P","v":"/letter/P"},
  {"n":"Q","v":"/letter/Q"},
  {"n":"R","v":"/letter/R"},
  {"n":"S","v":"/letter/S"},
  {"n":"T","v":"/letter/T"},
  {"n":"U","v":"/letter/U"},
  {"n":"V","v":"/letter/V"},
  {"n":"W","v":"/letter/W"},
  {"n":"X","v":"/letter/X"},
  {"n":"Y","v":"/letter/Y"},
  {"n":"Z","v":"/letter/Z"},
  {"n":"0-9","v":"/letter/0-9"}]},
  
  {"key":"by","name":"排序","value":[
  {"n":"时间","v":"/by/time"},
  {"n":"人气","v":"/by/hits"},
  {"n":"评分","v":"/by/score"}]}]}
  
}