
{
  "name": "爱看影视",
  "url": "https://ikan6.vip/",
  "shouye": "1",
  "fenlei": "电影$/vodshow/1--------#国产剧$/vodshow/13--------#港台剧$/vodshow/14--------#日韩剧$/vodshow/15--------#美剧$/vodshow/16--------#综艺$/vodshow/3--------#动漫$/vodshow/4--------",
  "houzhui": "---/",
  "shifouercijiequ": "0",
  "jiequqian": "空",
  "jiequhou": "空",
  "jiequshuzuqian": "class=\"module-item-pic\"",
  "jiequshuzuhou": "</div>",
  "tupianqian": "data-src=\"",
  "tupianhou": "\"",
  "biaotiqian": "title=\"",
  "biaotihou": "\"",
  "lianjieqian": "href=\"",
  "lianjiehou": "\"",
  "sousuoqian": "/index.php/ajax/suggest?mid=1&wd=",
  "sousuohou": "&limit=500",
  "sousuohouzhui": "/voddetail/",
  "ssmoshi": "0",
  "sousuoshifouercijiequ": "0",
  "jspic": "pic",
  "jsname": "name",
  "jsid": "id",
  "ssjiequqian": "空",
  "ssjiequhou": "空",
  "ssjiequshuzuqian": "空",
  "ssjiequshuzuhou": "空",
  "sstupianqian": "空",
  "sstupianhou": "空",
  "ssbiaotiqian": "空",
  "ssbiaotihou": "空",
  "sslianjieqian": "空",
  "sslianjiehou": "空",
  "bfshifouercijiequ": "0",
  "bfjiequqian": "空",
  "bfjiequhou": "空",
  "bfjiequshuzuqian": "class=\"scroll-content\"",
  "bfjiequshuzuhou": "</div>",
  "zhuangtaiqian": "集数：</span>",
  "zhuangtaihou": "</div>",
  "daoyanqian": "导演：</span>",
  "daoyanhou": "</div>",
  "zhuyanqian": "主演：</span>",
  "zhuyanhou": "</div>",
  "juqingqian": "剧情：</span>",
  "juqinghou": "</div>",
  "bfyshifouercijiequ": "0",
  "bfyjiequqian": "空",
  "bfyjiequhou": "空",
  "bfyjiequshuzuqian": "<a",
  "bfyjiequshuzuhou": "/a>",
  "bfbiaotiqian": "<span>",
  "bfbiaotihou": "</span>",
  "bflianjieqian": "href=\"",
  "bflianjiehou": "\""
}