{
  "作者": "菜妮丝",
  "站名": "皮皮泡",
  "主页url": "https://www.pipipao.com",
  
  "分类": "电影$dianying#电视剧$dianshiju#综艺$zongyi#动漫$dongman#纪录片$jilupian",
  "分类url": "https://www.pipipao.com/vodshow/id/{cateId}{class}{area}{year}{by}/page/{catePg}.html",
  
  "副标题": "text-right\">&&</span>",
  
  "搜索后缀":"/vod/",
  
  "导演": "导演：&&</p>",
  "主演": "主演：&&</p>",
  "简介": "<p class=\"col-pd\">&&</p>",
  
  "线路数组": "<span class=\"more&&</div>",
  "线路标题": "class=\"title\">&&</h3>",
  
  "播放数组": "<ul class=\"stui-content&&</ul>",
  
  "筛选":{

"dianying":[
  {"key":"cateId","name":"类型","value":[
  {"n":"全部","v":"dianying"},
  {"n":"动作片","v":"dongzuopian"},
  {"n":"喜剧片","v":"xijupian"},
  {"n":"爱情片","v":"aiqingpian"},
  {"n":"科幻片","v":"kehuanpian"},
  {"n":"恐怖片","v":"kongbupian"},
  {"n":"剧情片","v":"juqingpian"},
  {"n":"战争片","v":"zhanzhengpian"},
  {"n":"动画片","v":"donghuapian"}]},
  
  {"key":"class","name":"剧情","value":[
  {"n":"全部","v":""},
  {"n":"动作","v":"/class/动作"},
  {"n":"喜剧","v":"/class/喜剧"},
  {"n":"爱情","v":"/class/爱情"},
  {"n":"科幻","v":"/class/科幻"},
  {"n":"恐怖","v":"/class/恐怖"},
  {"n":"剧情","v":"/class/剧情"},
  {"n":"战争","v":"/class/战争"},
  {"n":"动画","v":"/class/动画"},
  {"n":"奇幻","v":"/class/奇幻"},
  {"n":"灾难","v":"/class/灾难"},
  {"n":"警匪","v":"/class/警匪"},
  {"n":"犯罪","v":"/class/犯罪"},
  {"n":"武侠","v":"/class/武侠"},
  {"n":"冒险","v":"/class/冒险"},
  {"n":"枪战","v":"/class/枪战"},
  {"n":"恐怖","v":"/class/恐怖"},
  {"n":"悬疑","v":"/class/悬疑"},
  {"n":"惊悚","v":"/class/惊悚"},
  {"n":"经典","v":"/class/经典"},
  {"n":"青春","v":"/class/青春"},
  {"n":"文艺","v":"/class/文艺"},
  {"n":"微电影","v":"/class/微电影"},
  {"n":"古装","v":"/class/古装"},
  {"n":"历史","v":"/class/历史"},
  {"n":"运动","v":"/class/运动"},
  {"n":"农村","v":"/class/农村"},
  {"n":"儿童","v":"/class/儿童"},
  {"n":"网络电影","v":"/class/网络电影"},
  {"n":"Netflix","v":"/class/Netflix"}]},
  
  {"key":"area","name":"地区","value":[
  {"n":"全部","v":""},
  {"n":"中国大陆","v":"/area/中国大陆"},
  {"n":"中国香港","v":"/area/中国香港"},
  {"n":"中国台湾","v":"/area/中国台湾"},
  {"n":"美国","v":"/area/美国"},
  {"n":"韩国","v":"/area/韩国"},
  {"n":"日本","v":"/area/日本"},
  {"n":"泰国","v":"/area/泰国"},
  {"n":"新加坡","v":"/area/新加坡"},
  {"n":"马来西亚","v":"/area/马来西亚"},
  {"n":"印度","v":"/area/印度"},
  {"n":"英国","v":"/area/英国"},
  {"n":"法国","v":"/area/法国"},
  {"n":"德国","v":"/area/德国"},
  {"n":"加拿大","v":"/area/加拿大"},
  {"n":"西班牙","v":"/area/西班牙"},
  {"n":"俄罗斯","v":"/area/俄罗斯"},
  {"n":"其它","v":"/area/其它"}]},
  
  {"key":"year","name":"年份","value":[
  {"n":"全部","v":""},
  {"n":"2022","v":"/year/2022"},
  {"n":"2021","v":"/year/2021"},
  {"n":"2020","v":"/year/2020"},
  {"n":"2019","v":"/year/2019"},
  {"n":"2018","v":"/year/2018"},
  {"n":"2017","v":"/year/2017"},
  {"n":"2016","v":"/year/2016"},
  {"n":"2015","v":"/year/2015"},
  {"n":"2014","v":"/year/2014"},
  {"n":"2013","v":"/year/2013"},
  {"n":"2012","v":"/year/2012"},
  {"n":"2011","v":"/year/2011"},
  {"n":"2010","v":"/year/2010"},
  {"n":"2009","v":"/year/2009"},
  {"n":"2008","v":"/year/2008"},
  {"n":"2007","v":"/year/2007"},
  {"n":"2006","v":"/year/2006"},
  {"n":"2005","v":"/year/2005"},
  {"n":"2004","v":"/year/2004"},
  {"n":"2003","v":"/year/2003"},
  {"n":"2002","v":"/year/2002"},
  {"n":"2001","v":"/year/2001"},
  {"n":"2000","v":"/year/2000"},
  {"n":"1990","v":"/year/1990"},
  {"n":"1980","v":"/year/1980"},
  {"n":"1970","v":"/year/1970"},
  {"n":"1960","v":"/year/1960"},
  {"n":"1950","v":"/year/1950"}]},
  
  {"key":"by","name":"排序","value":[
  {"n":"时间","v":"/by/time"},
  {"n":"人气","v":"/by/hits"},
  {"n":"评分","v":"/by/score"}]}],
  
"dianshiju":[
  {"key":"cateId","name":"类型","value":[
  {"n":"全部","v":"dianshiju"},
  {"n":"日韩剧","v":"rihanju"},
  {"n":"欧美剧","v":"oumeiju"},
  {"n":"泰国剧","v":"taiguoju"},
  {"n":"国产剧","v":"guochanju"},
  {"n":"港台剧","v":"gangtaiju"}]},
  
  {"key":"class","name":"剧情","value":[
  {"n":"全部","v":""},
  {"n":"言情","v":"/class/言情"},
  {"n":"生活","v":"/class/生活"},
  {"n":"都市","v":"/class/都市"},
  {"n":"家庭","v":"/class/家庭"},
  {"n":"刑侦","v":"/class/刑侦"},
  {"n":"战争","v":"/class/战争"},
  {"n":"军旅","v":"/class/军旅"},
  {"n":"喜剧","v":"/class/喜剧"},
  {"n":"古装","v":"/class/古装"},
  {"n":"武侠","v":"/class/武侠"},
  {"n":"偶像","v":"/class/偶像"},
  {"n":"谍战","v":"/class/谍战"},
  {"n":"历史","v":"/class/历史"},
  {"n":"神话","v":"/class/神话"},
  {"n":"穿越","v":"/class/穿越"},
  {"n":"悬疑","v":"/class/悬疑"},
  {"n":"科幻","v":"/class/科幻"},
  {"n":"少女","v":"/class/少女"},
  {"n":"校园","v":"/class/校园"},
  {"n":"未知","v":"/class/未知"},
  {"n":"商战","v":"/class/商战"},
  {"n":"冒险","v":"/class/冒险"},
  {"n":"惊悚","v":"/class/惊悚"},
  {"n":"犯罪","v":"/class/犯罪"},
  {"n":"魔幻","v":"/class/魔幻"},
  {"n":"预告片","v":"/class/预告片"},
  {"n":"青春","v":"/class/青春"},
  {"n":"罪案","v":"/class/罪案"},
  {"n":"动漫","v":"/class/动漫"},
  {"n":"热血","v":"/class/热血"},
  {"n":"励志","v":"/class/励志"},
  {"n":"旅游","v":"/class/旅游"},
  {"n":"时尚","v":"/class/时尚"},
  {"n":"真人秀","v":"/class/真人秀"},
  {"n":"职场","v":"/class/职场"},
  {"n":"动画","v":"/class/动画"},
  {"n":"文艺","v":"/class/文艺"},
  {"n":"歌舞","v":"/class/歌舞"},
  {"n":"恐怖","v":"/class/恐怖"},
  {"n":"农村","v":"/class/农村"},
  {"n":"时装","v":"/class/时装"},
  {"n":"年代","v":"/class/年代"},
  {"n":"剧情","v":"/class/剧情"},
  {"n":"预告","v":"/class/预告"},
  {"n":"军事","v":"/class/军事"},
  {"n":"传奇","v":"/class/传奇"},
  {"n":"抗战","v":"/class/抗战"},
  {"n":"奇幻","v":"/class/奇幻"},
  {"n":"革命","v":"/class/革命"},
  {"n":"近代传奇","v":"/class/近代传奇"},
  {"n":"脱口秀","v":"/class/脱口秀"},
  {"n":"近代革命","v":"/class/近代革命"},
  {"n":"灾难","v":"/class/灾难"},
  {"n":"动作","v":"/class/动作"},
  {"n":"美食","v":"/class/美食"},
  {"n":"推理","v":"/class/推理"},
  {"n":"爱情","v":"/class/爱情"}]},
  
  {"key":"area","name":"地区","value":[
  {"n":"全部","v":""},
  {"n":"中国大陆","v":"/area/中国大陆"},
  {"n":"中国香港","v":"/area/中国香港"},
  {"n":"中国台湾","v":"/area/中国台湾"},
  {"n":"美国","v":"/area/美国"},
  {"n":"韩国","v":"/area/韩国"},
  {"n":"日本","v":"/area/日本"},
  {"n":"泰国","v":"/area/泰国"},
  {"n":"新加坡","v":"/area/新加坡"},
  {"n":"马来西亚","v":"/area/马来西亚"},
  {"n":"印度","v":"/area/印度"},
  {"n":"英国","v":"/area/英国"},
  {"n":"法国","v":"/area/法国"},
  {"n":"德国","v":"/area/德国"},
  {"n":"加拿大","v":"/area/加拿大"},
  {"n":"西班牙","v":"/area/西班牙"},
  {"n":"俄罗斯","v":"/area/俄罗斯"},
  {"n":"其它","v":"/area/其它"}]},
  
  {"key":"year","name":"年份","value":[
  {"n":"全部","v":""},
  {"n":"2022","v":"/year/2022"},
  {"n":"2021","v":"/year/2021"},
  {"n":"2020","v":"/year/2020"},
  {"n":"2019","v":"/year/2019"},
  {"n":"2018","v":"/year/2018"},
  {"n":"2017","v":"/year/2017"},
  {"n":"2016","v":"/year/2016"},
  {"n":"2015","v":"/year/2015"},
  {"n":"2014","v":"/year/2014"},
  {"n":"2013","v":"/year/2013"},
  {"n":"2012","v":"/year/2012"},
  {"n":"2011","v":"/year/2011"},
  {"n":"2010","v":"/year/2010"},
  {"n":"2009","v":"/year/2009"},
  {"n":"2008","v":"/year/2008"},
  {"n":"2007","v":"/year/2007"},
  {"n":"2006","v":"/year/2006"},
  {"n":"2005","v":"/year/2005"},
  {"n":"2004","v":"/year/2004"},
  {"n":"2003","v":"/year/2003"},
  {"n":"2002","v":"/year/2002"},
  {"n":"2001","v":"/year/2001"},
  {"n":"2000","v":"/year/2000"},
  {"n":"1990","v":"/year/1990"},
  {"n":"1980","v":"/year/1980"},
  {"n":"1970","v":"/year/1970"},
  {"n":"1960","v":"/year/1960"},
  {"n":"1950","v":"/year/1950"}]},
  
  {"key":"by","name":"排序","value":[
  {"n":"时间","v":"/by/time"},
  {"n":"人气","v":"/by/hits"},
  {"n":"评分","v":"/by/score"}]}],
  
"zongyi":[
  {"key":"class","name":"剧情","value":[
  {"n":"全部","v":""},
  {"n":"剧情","v":"/class/剧情"},
  {"n":"喜剧","v":"/class/喜剧"},
  {"n":"爱情","v":"/class/爱情"},
  {"n":"动作","v":"/class/动作"},
  {"n":"悬疑","v":"/class/悬疑"},
  {"n":"恐怖","v":"/class/恐怖"},
  {"n":"奇幻","v":"/class/奇幻"},
  {"n":"惊悚","v":"/class/惊悚"},
  {"n":"犯罪","v":"/class/犯罪"},
  {"n":"科幻","v":"/class/科幻"},
  {"n":"音乐","v":"/class/音乐"},
  {"n":"其他","v":"/class/其他"}]},
  
  {"key":"area","name":"地区","value":[
  {"n":"全部","v":""},
  {"n":"美国","v":"/area/美国"},
  {"n":"新加坡","v":"/area/新加坡"},
  {"n":"马来西亚","v":"/area/马来西亚"},
  {"n":"印度","v":"/area/印度"},
  {"n":"英国","v":"/area/英国"},
  {"n":"法国","v":"/area/法国"},
  {"n":"德国","v":"/area/德国"},
  {"n":"加拿大","v":"/area/加拿大"},
  {"n":"西班牙","v":"/area/西班牙"},
  {"n":"俄罗斯","v":"/area/俄罗斯"},
  {"n":"其它","v":"/area/其它"}]},
  
  {"key":"year","name":"年份","value":[
  {"n":"全部","v":""},
  {"n":"2022","v":"/year/2022"},
  {"n":"2021","v":"/year/2021"},
  {"n":"2020","v":"/year/2020"},
  {"n":"2019","v":"/year/2019"},
  {"n":"2018","v":"/year/2018"},
  {"n":"2017","v":"/year/2017"},
  {"n":"2016","v":"/year/2016"},
  {"n":"2015","v":"/year/2015"},
  {"n":"2014","v":"/year/2014"},
  {"n":"2013","v":"/year/2013"},
  {"n":"2012","v":"/year/2012"},
  {"n":"2011","v":"/year/2011"},
  {"n":"2010","v":"/year/2010"},
  {"n":"2009","v":"/year/2009"},
  {"n":"2008","v":"/year/2008"},
  {"n":"2007","v":"/year/2007"},
  {"n":"2006","v":"/year/2006"},
  {"n":"2005","v":"/year/2005"},
  {"n":"2004","v":"/year/2004"},
  {"n":"2003","v":"/year/2003"},
  {"n":"2002","v":"/year/2002"},
  {"n":"2001","v":"/year/2001"},
  {"n":"2000","v":"/year/2000"},
  {"n":"1990","v":"/year/1990"},
  {"n":"1980","v":"/year/1980"},
  {"n":"1970","v":"/year/1970"},
  {"n":"1960","v":"/year/1960"},
  {"n":"1950","v":"/year/1950"}]},
  
  {"key":"by","name":"排序","value":[
  {"n":"时间","v":"/by/time"},
  {"n":"人气","v":"/by/hits"},
  {"n":"评分","v":"/by/score"}]}],
  
"dongman":[
  {"key":"class","name":"剧情","value":[
  {"n":"全部","v":""},
  {"n":"奇幻","v":"/class/奇幻"},
  {"n":"动作","v":"/class/动作"},
  {"n":"爱情","v":"/class/爱情"},
  {"n":"记录","v":"/class/记录"},
  {"n":"剧情","v":"/class/剧情"},
  {"n":"战争","v":"/class/战争"},
  {"n":"喜剧","v":"/class/喜剧"},
  {"n":"恐怖","v":"/class/恐怖"},
  {"n":"科幻","v":"/class/科幻"},
  {"n":"古装","v":"/class/古装"},
  {"n":"灾难","v":"/class/灾难"},
  {"n":"冒险","v":"/class/冒险"},
  {"n":"罪案","v":"/class/罪案"},
  {"n":"言情","v":"/class/言情"},
  {"n":"魔幻","v":"/class/魔幻"},
  {"n":"悬疑","v":"/class/悬疑"},
  {"n":"惊悚","v":"/class/惊悚"},
  {"n":"武侠","v":"/class/武侠"},
  {"n":"犯罪","v":"/class/犯罪"},
  {"n":"其它","v":"/class/其它"},
  {"n":"旅游","v":"/class/旅游"},
  {"n":"美食","v":"/class/美食"},
  {"n":"职场","v":"/class/职场"},
  {"n":"都市","v":"/class/都市"},
  {"n":"神话","v":"/class/神话"},
  {"n":"校园","v":"/class/校园"},
  {"n":"音乐","v":"/class/音乐"},
  {"n":"推理","v":"/class/推理"},
  {"n":"刑侦","v":"/class/刑侦"},
  {"n":"童话","v":"/class/童话"},
  {"n":"经典","v":"/class/经典"},
  {"n":"热血","v":"/class/热血"},
  {"n":"搞笑","v":"/class/搞笑"},
  {"n":"偶像","v":"/class/偶像"},
  {"n":"益智","v":"/class/益智"},
  {"n":"家庭","v":"/class/家庭"},
  {"n":"军旅","v":"/class/军旅"},
  {"n":"穿越","v":"/class/穿越"},
  {"n":"谍战","v":"/class/谍战"},
  {"n":"历史","v":"/class/历史"},
  {"n":"伦理","v":"/class/伦理"},
  {"n":"动画","v":"/class/动画"},
  {"n":"原声","v":"/class/原声"},
  {"n":"生活","v":"/class/生活"},
  {"n":"文艺","v":"/class/文艺"},
  {"n":"励志","v":"/class/励志"},
  {"n":"歌舞","v":"/class/歌舞"},
  {"n":"青春","v":"/class/青春"},
  {"n":"时尚","v":"/class/时尚"}]},
  
  {"key":"area","name":"地区","value":[
  {"n":"全部","v":""},
  {"n":"中国大陆","v":"/area/中国大陆"},
  {"n":"日本","v":"/area/日本"},
  {"n":"欧美","v":"/area/欧美"},
  {"n":"其他","v":"/area/其他"}]},
  
  {"key":"year","name":"年份","value":[
  {"n":"全部","v":""},
  {"n":"2022","v":"/year/2022"},
  {"n":"2021","v":"/year/2021"},
  {"n":"2020","v":"/year/2020"},
  {"n":"2019","v":"/year/2019"},
  {"n":"2018","v":"/year/2018"},
  {"n":"2017","v":"/year/2017"},
  {"n":"2016","v":"/year/2016"},
  {"n":"2015","v":"/year/2015"},
  {"n":"2014","v":"/year/2014"},
  {"n":"2013","v":"/year/2013"},
  {"n":"2012","v":"/year/2012"},
  {"n":"2011","v":"/year/2011"},
  {"n":"2010","v":"/year/2010"},
  {"n":"2009","v":"/year/2009"},
  {"n":"2008","v":"/year/2008"},
  {"n":"2007","v":"/year/2007"},
  {"n":"2006","v":"/year/2006"},
  {"n":"2005","v":"/year/2005"},
  {"n":"2004","v":"/year/2004"},
  {"n":"2003","v":"/year/2003"},
  {"n":"2002","v":"/year/2002"},
  {"n":"2001","v":"/year/2001"},
  {"n":"2000","v":"/year/2000"},
  {"n":"1990","v":"/year/1990"},
  {"n":"1980","v":"/year/1980"},
  {"n":"1970","v":"/year/1970"},
  {"n":"1960","v":"/year/1960"},
  {"n":"1950","v":"/year/1950"}]},
  
  {"key":"by","name":"排序","value":[
  {"n":"时间","v":"/by/time"},
  {"n":"人气","v":"/by/hits"},
  {"n":"评分","v":"/by/score"}]}],
  
"jilupian":[
  {"key":"by","name":"排序","value":[
  {"n":"时间","v":"/by/time"},
  {"n":"人气","v":"/by/hits"},
  {"n":"评分","v":"/by/score"}]}]}
}