{
"作者":"张弘",
"站名":"花猫TV",
"主页url":"http://www.huamaotv.com/",
"热门推荐":"1",
"直接播放":"0",
"列表显示":"0",
"图片代理":"0",
"起始页":"1",
"shifouercijiequ":"0",
"jiequqian":"空",
"jiequhou":"空",
"jiequshuzuqian":"class=\"stui-vodlist__item",
"jiequshuzuhou":"</a>",
"tupianqian":"data-original=\"",
"tupianhou":"\"",
"biaotiqian":"title=\"",
"biaotihou":"\"",
"lianjieqian":"href=\"",
"lianjiehou":"\"",
"sousuoqian":"/index.php/ajax/suggest?mid=1&wd=",
"sousuohou":"&limit=500",
"sousuohouzhui":"/detail/",
"ssmoshi":"0",
"sousuoshifouercijiequ":"0",
"jspic":"pic",
"jsname":"name",
"jsid":"id",
"ssjiequqian":"空",
"ssjiequhou":"空",
"ssjiequshuzuqian":"空",
"ssjiequshuzuhou":"空",
"sstupianqian":"空",
"sstupianhou":"空",
"ssbiaotiqian":"空",
"ssbiaotihou":"空",
"sslianjieqian":"空",
"sslianjiehou":"空",
"xljiequshuzuqian":"<h3 class=\"title",
"xljiequshuzuhou":"/h3>",
"xlbiaotiqian":">",
"xlbiaotihou":"<",
"bfshifouercijiequ":"0",
"bfjiequqian":"空",
"bfjiequhou":"空",
"bfjiequshuzuqian":"class=\"stui-content__playlist clearfix\"",
"bfjiequshuzuhou":"</ul>",
"zhuangtaiqian":"class=\"data\"",
"zhuangtaihou":"</p>",
"daoyanqian":"导演：</span>",
"daoyanhou":"</p>",
"zhuyanqian":"主演：</span>",
"zhuyanhou":"</p>",
"juqingqian":"",
"juqinghou":"",
"bfyshifouercijiequ":"0",
"bfyjiequqian":"空",
"bfyjiequhou":"空",
"bfyjiequshuzuqian":"<li>",
"bfyjiequshuzuhou":"</li>",
"bfbiaotiqian":"\">",
"bfbiaotihou":"</a>",
"bflianjieqian":"href=\"",
"bflianjiehou":"\"",
"副标题":"class=\"pic-text\">&&</span>",
"分类url":"http://www.huamaotv.com/list/{cateId}_{catePg}_desc_{by}_{class}_{year}_{letter}_{area}_{lang}.html",
"分类":"电影$1#电视剧$2#综艺$3#动漫$4",
"筛选":{
"1":[
{
"key":"cateId",
"name":"类型",
"value":[
{"n":"全部","v":""},
{"n":"动作片","v":"5"},
{"n":"喜剧片","v":"6"},
{"n":"爱情片","v":"7"},
{"n":"科幻片","v":"8"},
{"n":"恐怖片","v":"9"},
{"n":"剧情片","v":"10"},
{"n":"战争片","v":"11"},
{"n":"奇幻片","v":"16"},
{"n":"惊悚片","v":"17"},
{"n":"动画片","v":"18"},
{"n":"悬疑片","v":"19"},
{"n":"犯罪片","v":"20"},
{"n":"纪录片","v":"21"},
{"n":"音乐片","v":"22"},
{"n":"微电影","v":"23"},
{"n":"福利片","v":"36"}
]
},
{
"key":"area",
"name":"地区",
"value":[
{"n":"全部","v":""},
{"n":"大陆","v":"大陆"},
{"n":"香港","v":"香港"},
{"n":"台湾","v":"台湾"},
{"n":"美国","v":"美国"},
{"n":"韩国","v":"韩国"},
{"n":"日本","v":"日本"},
{"n":"泰国","v":"泰国"},
{"n":"新加坡","v":"新加坡"},
{"n":"马来西亚","v":"马来西亚"},
{"n":"印度","v":"印度"},
{"n":"英国","v":"英国"},
{"n":"法国","v":"法国"},
{"n":"加拿大","v":"加拿大"},
{"n":"西班牙","v":"西班牙"},
{"n":"俄罗斯","v":"俄罗斯"},
{"n":"其它","v":"其他"}
]
},
{
"key":"year",
"name":"年份",
"value":[
{"n":"全部","v":""},
{"n":"2022","v":"2022"},
{"n":"2021","v":"2021"},
{"n":"2020","v":"2020"},
{"n":"2019","v":"2019"},
{"n":"2018","v":"2018"},
{"n":"2017","v":"2017"},
{"n":"2016","v":"2016"},
{"n":"2015","v":"2015"},
{"n":"2014","v":"2014"},
{"n":"2013","v":"2013"},
{"n":"2012","v":"2012"},
{"n":"2011","v":"2011"},
{"n":"2010","v":"2010"},
{"n":"2009","v":"2009"},
{"n":"2008","v":"2008"},
{"n":"2007","v":"2007"},
{"n":"2006","v":"2006"},
{"n":"2005","v":"2005"},
{"n":"2004","v":"2004"},
{"n":"2003","v":"2003"}
]
},
{
"key":"lang",
"name":"语言",
"value":[
{"n":"全部","v":""},
{"n":"国语","v":"国语"},
{"n":"英语","v":"英语"},
{"n":"粤语","v":"粤语"},
{"n":"闽南语","v":"闽南话"},
{"n":"韩语","v":"韩语"},
{"n":"日语","v":"日语"},
{"n":"法语","v":"法语"},
{"n":"德语","v":"德语"},
{"n":"其它","v":"其他"}
]
},
{
"key":"letter",
"name":"字母",
"value":[
{ "n":"全部", "v":"" },
{ "n":"A", "v":"A" },
{ "n":"B", "v":"B" },
{ "n":"C", "v":"C" },
{ "n":"D", "v":"D" },
{ "n":"E", "v":"E" },
{ "n":"F", "v":"F" },
{ "n":"G", "v":"G" },
{ "n":"H", "v":"H" },
{ "n":"I", "v":"I" },
{ "n":"J", "v":"J" },
{ "n":"K", "v":"K" },
{ "n":"L", "v":"L" },
{ "n":"M", "v":"M" },
{ "n":"N", "v":"N" },
{ "n":"O", "v":"O" },
{ "n":"P", "v":"P" },
{ "n":"Q", "v":"Q" },
{ "n":"R", "v":"R" },
{ "n":"S", "v":"S" },
{ "n":"T", "v":"T" },
{ "n":"U", "v":"U" },
{ "n":"V", "v":"V" },
{ "n":"W", "v":"W" },
{ "n":"X", "v":"X" },
{ "n":"Y", "v":"Y" },
{ "n":"Z", "v":"Z" }
]
},
{
"key":"by",
"name":"排序",
"value":[
{"n":"全部","v":""},
{"n":"时间","v":"time"},
{"n":"人气","v":"hits"},
{"n":"评分","v":"score"}
]
}
],
"2":[
{
"key":"cateId",
"name":"类型",
"value":[
{"n":"全部","v":""},
{"n":"大陆","v":"12"},
{"n":"港剧","v":"13"},
{"n":"韩剧","v":"14"},
{"n":"美剧","v":"15"},
{"n":"日剧","v":"24"},
{"n":"台剧","v":"25"},
{"n":"泰剧","v":"26"},
{"n":"越剧","v":"27"}
]
},
{
"key":"area",
"name":"地区",
"value":[
{"n":"全部","v":""},
{"n":"大陆","v":"大陆"},
{"n":"香港","v":"香港"},
{"n":"台湾","v":"台湾"},
{"n":"美国","v":"美国"},
{"n":"韩国","v":"韩国"},
{"n":"日本","v":"日本"},
{"n":"泰国","v":"泰国"},
{"n":"新加坡","v":"新加坡"},
{"n":"马来西亚","v":"马来西亚"},
{"n":"印度","v":"印度"},
{"n":"英国","v":"英国"},
{"n":"法国","v":"法国"},
{"n":"加拿大","v":"加拿大"},
{"n":"西班牙","v":"西班牙"},
{"n":"俄罗斯","v":"俄罗斯"},
{"n":"其它","v":"其他"}
]
},
{
"key":"year",
"name":"年份",
"value":[
{"n":"全部","v":""},
{"n":"2022","v":"2022"},
{"n":"2021","v":"2021"},
{"n":"2020","v":"2020"},
{"n":"2019","v":"2019"},
{"n":"2018","v":"2018"},
{"n":"2017","v":"2017"},
{"n":"2016","v":"2016"},
{"n":"2015","v":"2015"},
{"n":"2014","v":"2014"},
{"n":"2013","v":"2013"},
{"n":"2012","v":"2012"},
{"n":"2011","v":"2011"},
{"n":"2010","v":"2010"},
{"n":"2009","v":"2009"},
{"n":"2008","v":"2008"},
{"n":"2007","v":"2007"},
{"n":"2006","v":"2006"},
{"n":"2005","v":"2005"},
{"n":"2004","v":"2004"},
{"n":"2003","v":"2003"}
]
},
{
"key":"lang",
"name":"语言",
"value":[
{"n":"全部","v":""},
{"n":"国语","v":"国语"},
{"n":"英语","v":"英语"},
{"n":"粤语","v":"粤语"},
{"n":"闽南语","v":"闽南话"},
{"n":"韩语","v":"韩语"},
{"n":"日语","v":"日语"},
{"n":"法语","v":"法语"},
{"n":"德语","v":"德语"},
{"n":"其它","v":"其他"}
]
},
{
"key":"letter",
"name":"字母",
"value":[
{ "n":"全部", "v":"" },
{ "n":"A", "v":"A" },
{ "n":"B", "v":"B" },
{ "n":"C", "v":"C" },
{ "n":"D", "v":"D" },
{ "n":"E", "v":"E" },
{ "n":"F", "v":"F" },
{ "n":"G", "v":"G" },
{ "n":"H", "v":"H" },
{ "n":"I", "v":"I" },
{ "n":"J", "v":"J" },
{ "n":"K", "v":"K" },
{ "n":"L", "v":"L" },
{ "n":"M", "v":"M" },
{ "n":"N", "v":"N" },
{ "n":"O", "v":"O" },
{ "n":"P", "v":"P" },
{ "n":"Q", "v":"Q" },
{ "n":"R", "v":"R" },
{ "n":"S", "v":"S" },
{ "n":"T", "v":"T" },
{ "n":"U", "v":"U" },
{ "n":"V", "v":"V" },
{ "n":"W", "v":"W" },
{ "n":"X", "v":"X" },
{ "n":"Y", "v":"Y" },
{ "n":"Z", "v":"Z" }
]
},
{
"key":"by",
"name":"排序",
"value":[
{"n":"全部","v":""},
{"n":"时间","v":"time"},
{"n":"人气","v":"hits"},
{"n":"评分","v":"score"}
]
}
],
"3":[
{
"key":"cateId",
"name":"类型",
"value":[
{"n":"全部","v":""},
{"n":"大陆综艺","v":"28"},
{"n":"港台综艺","v":"29"},
{"n":"日韩综艺","v":"30"},
{"n":"欧美综艺","v":"31"}
]
},
{
"key":"area",
"name":"地区",
"value":[
{"n":"全部","v":""},
{"n":"大陆","v":"大陆"},
{"n":"香港","v":"香港"},
{"n":"台湾","v":"台湾"},
{"n":"美国","v":"美国"},
{"n":"韩国","v":"韩国"},
{"n":"日本","v":"日本"},
{"n":"泰国","v":"泰国"},
{"n":"新加坡","v":"新加坡"},
{"n":"马来西亚","v":"马来西亚"},
{"n":"印度","v":"印度"},
{"n":"英国","v":"英国"},
{"n":"法国","v":"法国"},
{"n":"加拿大","v":"加拿大"},
{"n":"西班牙","v":"西班牙"},
{"n":"俄罗斯","v":"俄罗斯"},
{"n":"其它","v":"其他"}
]
},
{
"key":"year",
"name":"年份",
"value":[
{"n":"全部","v":""},
{"n":"2022","v":"2022"},
{"n":"2021","v":"2021"},
{"n":"2020","v":"2020"},
{"n":"2019","v":"2019"},
{"n":"2018","v":"2018"},
{"n":"2017","v":"2017"},
{"n":"2016","v":"2016"},
{"n":"2015","v":"2015"},
{"n":"2014","v":"2014"},
{"n":"2013","v":"2013"},
{"n":"2012","v":"2012"},
{"n":"2011","v":"2011"},
{"n":"2010","v":"2010"},
{"n":"2009","v":"2009"},
{"n":"2008","v":"2008"},
{"n":"2007","v":"2007"},
{"n":"2006","v":"2006"},
{"n":"2005","v":"2005"},
{"n":"2004","v":"2004"},
{"n":"2003","v":"2003"}
]
},
{
"key":"lang",
"name":"语言",
"value":[
{"n":"全部","v":""},
{"n":"国语","v":"国语"},
{"n":"英语","v":"英语"},
{"n":"粤语","v":"粤语"},
{"n":"闽南语","v":"闽南话"},
{"n":"韩语","v":"韩语"},
{"n":"日语","v":"日语"},
{"n":"法语","v":"法语"},
{"n":"德语","v":"德语"},
{"n":"其它","v":"其他"}
]
},
{
"key":"letter",
"name":"字母",
"value":[
{ "n":"全部", "v":"" },
{ "n":"A", "v":"A" },
{ "n":"B", "v":"B" },
{ "n":"C", "v":"C" },
{ "n":"D", "v":"D" },
{ "n":"E", "v":"E" },
{ "n":"F", "v":"F" },
{ "n":"G", "v":"G" },
{ "n":"H", "v":"H" },
{ "n":"I", "v":"I" },
{ "n":"J", "v":"J" },
{ "n":"K", "v":"K" },
{ "n":"L", "v":"L" },
{ "n":"M", "v":"M" },
{ "n":"N", "v":"N" },
{ "n":"O", "v":"O" },
{ "n":"P", "v":"P" },
{ "n":"Q", "v":"Q" },
{ "n":"R", "v":"R" },
{ "n":"S", "v":"S" },
{ "n":"T", "v":"T" },
{ "n":"U", "v":"U" },
{ "n":"V", "v":"V" },
{ "n":"W", "v":"W" },
{ "n":"X", "v":"X" },
{ "n":"Y", "v":"Y" },
{ "n":"Z", "v":"Z" }
]
},
{
"key":"by",
"name":"排序",
"value":[
{"n":"全部","v":""},
{"n":"时间","v":"time"},
{"n":"人气","v":"hits"},
{"n":"评分","v":"score"}
]
}
],
"4":[
{
"key":"cateId",
"name":"类型",
"value":[
{"n":"全部","v":""},
{"n":"国产动漫","v":"32"},
{"n":"日本动漫","v":"33"},
{"n":"港台动漫","v":"34"},
{"n":"其他动漫","v":"35"}
]
},
{
"key":"area",
"name":"地区",
"value":[
{"n":"全部","v":""},
{"n":"大陆","v":"大陆"},
{"n":"香港","v":"香港"},
{"n":"台湾","v":"台湾"},
{"n":"美国","v":"美国"},
{"n":"韩国","v":"韩国"},
{"n":"日本","v":"日本"},
{"n":"泰国","v":"泰国"},
{"n":"新加坡","v":"新加坡"},
{"n":"马来西亚","v":"马来西亚"},
{"n":"印度","v":"印度"},
{"n":"英国","v":"英国"},
{"n":"法国","v":"法国"},
{"n":"加拿大","v":"加拿大"},
{"n":"西班牙","v":"西班牙"},
{"n":"俄罗斯","v":"俄罗斯"},
{"n":"其它","v":"其他"}
]
},
{
"key":"year",
"name":"年份",
"value":[
{"n":"全部","v":""},
{"n":"2022","v":"2022"},
{"n":"2021","v":"2021"},
{"n":"2020","v":"2020"},
{"n":"2019","v":"2019"},
{"n":"2018","v":"2018"},
{"n":"2017","v":"2017"},
{"n":"2016","v":"2016"},
{"n":"2015","v":"2015"},
{"n":"2014","v":"2014"},
{"n":"2013","v":"2013"},
{"n":"2012","v":"2012"},
{"n":"2011","v":"2011"},
{"n":"2010","v":"2010"},
{"n":"2009","v":"2009"},
{"n":"2008","v":"2008"},
{"n":"2007","v":"2007"},
{"n":"2006","v":"2006"},
{"n":"2005","v":"2005"},
{"n":"2004","v":"2004"},
{"n":"2003","v":"2003"}
]
},
{
"key":"lang",
"name":"语言",
"value":[
{"n":"全部","v":""},
{"n":"国语","v":"国语"},
{"n":"英语","v":"英语"},
{"n":"粤语","v":"粤语"},
{"n":"闽南语","v":"闽南话"},
{"n":"韩语","v":"韩语"},
{"n":"日语","v":"日语"},
{"n":"法语","v":"法语"},
{"n":"德语","v":"德语"},
{"n":"其它","v":"其他"}
]
},
{
"key":"letter",
"name":"字母",
"value":[
{ "n":"全部", "v":"" },
{ "n":"A", "v":"A" },
{ "n":"B", "v":"B" },
{ "n":"C", "v":"C" },
{ "n":"D", "v":"D" },
{ "n":"E", "v":"E" },
{ "n":"F", "v":"F" },
{ "n":"G", "v":"G" },
{ "n":"H", "v":"H" },
{ "n":"I", "v":"I" },
{ "n":"J", "v":"J" },
{ "n":"K", "v":"K" },
{ "n":"L", "v":"L" },
{ "n":"M", "v":"M" },
{ "n":"N", "v":"N" },
{ "n":"O", "v":"O" },
{ "n":"P", "v":"P" },
{ "n":"Q", "v":"Q" },
{ "n":"R", "v":"R" },
{ "n":"S", "v":"S" },
{ "n":"T", "v":"T" },
{ "n":"U", "v":"U" },
{ "n":"V", "v":"V" },
{ "n":"W", "v":"W" },
{ "n":"X", "v":"X" },
{ "n":"Y", "v":"Y" },
{ "n":"Z", "v":"Z" }
]
},
{
"key":"by",
"name":"排序",
"value":[
{"n":"全部","v":""},
{"n":"时间","v":"time"},
{"n":"人气","v":"hits"},
{"n":"评分","v":"score"}
]
}
]
}
}