
{  //饭团HD
"免嗅":"1",
"播放数组":"class=\"stui-play__list clearfix&&</div>",
"分类url":"https://www.fantuanhd.com/type/id-{cateId}/page/{catePg}.html",
"分类":"电影$20#电视剧$21#综艺$22#动漫$23#纪录片$24#动画片$25",
"状态":"类型：&&</p>",
"导演": "导演：&&</p>",
"主演": "主演：&&</p>",
"简介": "style=\"display: none;\">&&</div>",
"标题": "title=\"&&\"",
"副标题": "class=\"pic-text text-right\">&&</span>",
"分类数组": "<li>&&</li>",
"分类标题": ">&&</a>",
"分类ID": "href=\"&&.html"
}

