{"name": "*4K狗午夜版",
  "url": "https://wyb.4kdog.tk/",
  "tihuan": "cnzz.com", 
  "User": "空", 
  "shouye": "1",

  "fenlei": "China$/index.php/vod/type/id/23/page/#亚洲$/index.php/vod/type/id/21/page/#无码$/index.php/vod/type/id/20/page/#欧美$/index.php/vod/type/id/22/page/", 
  "houzhui": ".html",

  "shifouercijiequ": "0", 
  "jiequqian": "空",
  "jiequhou": "空", 
  "jiequshuzuqian": "class=\"module-item-pic", 
  "jiequshuzuhou": "</div>",
  "tupianqian": "data-src=\"",
  "tupianhou": "\"",
  "biaotiqian": "title=\"", 
  "biaotihou": "\"",
  "lianjieqian": "href=\"", 
  "lianjiehou": "\"", 

  "sousuoqian": "/index.php/ajax/suggest?mid=1&wd=",
  "sousuohou": "&limit=500",
  "sousuohouzhui": "/voddetail/", 
  "ssmoshi": "0",
  "sousuoshifouercijiequ": "0",
  "jspic": "pic",
  "jsname": "name",
  "jsid": "id",
  "ssjiequqian": "空",
  "ssjiequhou": "空",
  "ssjiequshuzuqian": "空",
  "ssjiequshuzuhou": "空",
  "sstupianqian": "空",
  "sstupianhou": "空",
  "ssbiaotiqian": "空",
  "ssbiaotihou": "空",
  "sslianjieqian": "空",
  "sslianjiehou": "空",

  "bfshifouercijiequ": "0",
  "bfjiequqian": "空",
  "bfjiequhou": "空",
  "bfjiequshuzuqian": "class=\"video-info-header", 
  "bfjiequshuzuhou": "</span>", 

  "zhuangtaiqian": "年代：</span>",
  "zhuangtaihou": "</div>",
  "daoyanqian": "导演：</span>",
  "daoyanhou": "</div>",
  "zhuyanqian": "主演：</span>",
  "zhuyanhou": "</div>",
  "juqingqian": "剧情：</span>",
  "juqinghou": "</div>",

  "bfyshifouercijiequ": "0", 
  "bfyjiequqian": "空", 
  "bfyjiequhou": "空", 
  "bfyjiequshuzuqian": "<a", 
  "bfyjiequshuzuhou": "/a>",
  "bfbiaotiqian": ">",
  "bfbiaotihou": "<", 
  "bflianjieqian": "href=\"",
  "bflianjiehou": "\""}