{"name": "GAOAA",
"url": "https://52gaoaa.com",
"User": "空",
"shouye": "1",
"fenlei": "国产视频$/gaotype/25_#日本无码$/gaotype/20_#日本有码$/gaotype/9_#中文字幕$/gaotype/2_#三级电影$/gaotype/1_#巨乳系列$/gaotype/3_#人妻激情$/gaotype/8_#欧美极品$/gaotype/18_#制服诱惑$/gaotype/16_#自拍偷拍$/gaotype/17_#强奸乱伦$/gaotype/14_#绝美少女$/gaotype/13_#首次亮相$/gaotype/12_#HEY诱惑$/gaotype/5_#独家DMM$/gaotype/4_#网红主播$/gaotype/6_#日韩精品$/gaotype/10_#激情口交$/gaotype/11_#动漫电影$/gaotype/15_#极骚萝莉$/gaotype/19_#HEYZO$/gaotype/21_#高潮喷吹$/gaotype/22_#自慰颜射$/gaotype/23_",
"houzhui": ".html",
"shifouercijiequ": "1",
"jiequqian": "blank\">百人牛牛，美女陪干！不爽就来干</a>",
"jiequhou": "<div class=\"box-page\">",
"jiequshuzuqian": "class=\"video-pic loading",
"jiequshuzuhou": "player",
"tupianqian": "original=\"",
"tupianhou": "\"",
"biaotiqian": "title=\"",
"biaotihou": "\"",
"lianjieqian": "href=\"",
"lianjiehou": "\"",
"sousuoqian": "/gaosearch/-/?wd=",
"sousuohou": "",
"sousuohouzhui": "/gaotype/",
"ssmoshi": "1",
"sousuoshifouercijiequ": "1",
"jspic": "空",
"jsname": "空",
"jsid": "空",
"ssjiequqian": "blank\">百人牛牛，美女陪干！不爽就来干</a>",
"ssjiequhou": "<div class=\"box-page\">",
"ssjiequshuzuqian": "class=\"video-pic loading",
"ssjiequshuzuhou": "player",
"sstupianqian": "original=\"",
"sstupianhou": "\"",
"ssbiaotiqian": "title=\"",
"ssbiaotihou": "\"",
"sslianjieqian": "href=\"",
"sslianjiehou": "\"",
"bfshifouercijiequ": "0",
"bfjiequqian": "空",
"bfjiequhou": "空",
"bfjiequshuzuqian": "class=\"item line\">",
"bfjiequshuzuhou": "</div>",
"zhuangtaiqian": "target=\"_blank\">",
"zhuangtaihou": "</a><i",
"daoyanqian": "class=\"data\">类型：",
"daoyanhou": "</p>",
"zhuyanqian": "class=\"data\">主演：",
"zhuyanhou": "</p>",
"juqingqian": "<h1>",
"juqinghou": "</h1>",
"bfyshifouercijiequ": "0",
"bfyjiequqian": "空",
"bfyjiequhou": "空",
"bfyjiequshuzuqian": "<a",
"bfyjiequshuzuhou": "/a>",
"bfbiaotiqian": ">",
"bfbiaotihou": "<",
"bflianjieqian": "href=\"",
"bflianjiehou": "\""
}