{
  "classes": [
  {
      "type_name": "儿童",
      "type_id": "儿童"
    },
    {
      "type_name": "小学",
      "type_id": "小学课程"
    },
    {
      "type_name": "一年级",
      "type_id": "一年级"
    },
    {
      "type_name": "二年级",
      "type_id": "二年级"
    },
    {
      "type_name": "三年级",
      "type_id": "三年级"
    },
    {
      "type_name": "四年级",
      "type_id": "四年级"
    },
    {
      "type_name": "五年级",
      "type_id": "五年级"
    },
    {
      "type_name": "六年级",
      "type_id": "六年级"
    },
    {
      "type_name": "小升初",
      "type_id": "小升初"
    },
    {
      "type_name": "初中",
      "type_id": "初中课程"
    },
    {
      "type_name": "七年级",
      "type_id": "七年级"
    },
    {
      "type_name": "八年级",
      "type_id": "八年级"
    },
    {
      "type_name": "九年级",
      "type_id": "九年级"
    },
    {
      "type_name": "中考",
      "type_id": "中考"
    },
    {
      "type_name": "初升高",
      "type_id": "初升高"
    },
    {
      "type_name": "高中",
      "type_id": "高中课程"
    },
    {
      "type_name": "高一",
      "type_id": "高一"
    },
    {
      "type_name": "高二",
      "type_id": "高二"
    },
    {
      "type_name": "高三",
      "type_id": "高三"
    },
    {
      "type_name": "高考",
      "type_id": "高考"
    }
    
  ],
  "filter": {
    
    "儿童": [
      {
        "key": "tid",
        "name": "分类",
        "value": [
          {
            "n": "全部",
            "v": "儿童"
          },
          {
            "n": "巧虎",
            "v": "巧虎"
          },
          {
            "n": "巧虎英语",
            "v": "巧虎英语"
          },
          {
            "n": "巧虎古诗",
            "v": "巧虎古诗"
          },
          {
            "n": "贝乐虎",
            "v": "贝乐虎"
          },
          {
            "n": "宝宝巴士",
            "v": "宝宝巴士"
          },
          {
            "n": "教育",
            "v": "儿童教育"
          },
          {
            "n": "歌曲",
            "v": "儿童歌曲"
          },
          {
            "n": "舞蹈",
            "v": "儿童舞蹈"
          },
          {
            "n": "成语故事",
            "v": "儿童成语故事"
          },
          {
            "n": "音乐",
            "v": "儿童音乐"
          },
          {
            "n": "儿童MV",
            "v": "儿童MV"
          },          
          {
            "n": "儿童好声音",
            "v": "儿童好声音"
          }
        ]
      },
      {
        "key": "duration",
        "name": "时长",
        "value": [
          {
            "n": "全部",
            "v": "0"
          },
          {
            "n": "60分钟以上",
            "v": "4"
          },
          {
            "n": "30~60分钟",
            "v": "3"
          },
          {
            "n": "10~30分钟",
            "v": "2"
          },
          {
            "n": "10分钟以下",
            "v": "1"
          }
        ]
      }
    ],
	    "小学课程": [
      {
        "key": "tid",
        "name": "分类",
        "value": [
          {
            "n": "全部",
            "v": "小学课程"
          },
          {
            "n": "语文",
            "v": "小学语文"
          },
          {
            "n": "数学",
            "v": "小学数学"
          },
          {
            "n": "英语",
            "v": "小学英语"
          },
          {
            "n": "实验",
            "v": "小学科学实验"
          }
          
        ]
      },
      {
        "key": "duration",
        "name": "时长",
        "value": [
          {
            "n": "全部",
            "v": "0"
          },
          {
            "n": "60分钟以上",
            "v": "4"
          },
          {
            "n": "30~60分钟",
            "v": "3"
          },
          {
            "n": "10~30分钟",
            "v": "2"
          },
          {
            "n": "10分钟以下",
            "v": "1"
          }
        ]
      }
    ],
     "一年级": [
      {
        "key": "tid",
        "name": "分类",
        "value": [
          {
            "n": "全部",
            "v": "小学一年级"
          },
          {
            "n": "语文",
            "v": "一年级语文"
          },
          {
            "n": "数学",
            "v": "一年级数学"
          },
          {
            "n": "英语",
            "v": "一年级英语"
          }
        ]
      },
      {
        "key": "duration",
        "name": "时长",
        "value": [
          {
            "n": "全部",
            "v": "0"
          },
          {
            "n": "60分钟以上",
            "v": "4"
          },
          {
            "n": "30~60分钟",
            "v": "3"
          },
          {
            "n": "10~30分钟",
            "v": "2"
          },
          {
            "n": "10分钟以下",
            "v": "1"
          }
        ]
      }
    ],
    "二年级": [
      {
        "key": "tid",
        "name": "分类",
        "value": [
          {
            "n": "全部",
            "v": "小学二年级"
          },
          {
            "n": "语文",
            "v": "二年级语文"
          },
          {
            "n": "数学",
            "v": "二年级数学"
          },
          {
            "n": "英语",
            "v": "二年级英语"
          }
        ]
      },
      {
        "key": "duration",
        "name": "时长",
        "value": [
          {
            "n": "全部",
            "v": "0"
          },
          {
            "n": "60分钟以上",
            "v": "4"
          },
          {
            "n": "30~60分钟",
            "v": "3"
          },
          {
            "n": "10~30分钟",
            "v": "2"
          },
          {
            "n": "10分钟以下",
            "v": "1"
          }
        ]
      }
    ],
    "三年级": [
      {
        "key": "tid",
        "name": "分类",
        "value": [
          {
            "n": "全部",
            "v": "小学三年级"
          },
          {
            "n": "语文",
            "v": "三年级语文"
          },
          {
            "n": "数学",
            "v": "三年级数学"
          },
          {
            "n": "英语",
            "v": "三年级英语"
          }
        ]
      },
      {
        "key": "duration",
        "name": "时长",
        "value": [
          {
            "n": "全部",
            "v": "0"
          },
          {
            "n": "60分钟以上",
            "v": "4"
          },
          {
            "n": "30~60分钟",
            "v": "3"
          },
          {
            "n": "10~30分钟",
            "v": "2"
          },
          {
            "n": "10分钟以下",
            "v": "1"
          }
        ]
      }
    ],
    "四年级": [
      {
        "key": "tid",
        "name": "分类",
        "value": [
          {
            "n": "全部",
            "v": "小学四年级"
          },
          {
            "n": "语文",
            "v": "四年级语文"
          },
          {
            "n": "数学",
            "v": "四年级数学"
          },
          {
            "n": "英语",
            "v": "四年级英语"
          }
        ]
      },
      {
        "key": "duration",
        "name": "时长",
        "value": [
          {
            "n": "全部",
            "v": "0"
          },
          {
            "n": "60分钟以上",
            "v": "4"
          },
          {
            "n": "30~60分钟",
            "v": "3"
          },
          {
            "n": "10~30分钟",
            "v": "2"
          },
          {
            "n": "10分钟以下",
            "v": "1"
          }
        ]
      }
    ],
    "五年级": [
      {
        "key": "tid",
        "name": "分类",
        "value": [
          {
            "n": "全部",
            "v": "小学五年级"
          },
          {
            "n": "语文",
            "v": "五年级语文"
          },
          {
            "n": "数学",
            "v": "五年级数学"
          },
          {
            "n": "英语",
            "v": "五年级英语"
          }
        ]
      },
      {
        "key": "duration",
        "name": "时长",
        "value": [
          {
            "n": "全部",
            "v": "0"
          },
          {
            "n": "60分钟以上",
            "v": "4"
          },
          {
            "n": "30~60分钟",
            "v": "3"
          },
          {
            "n": "10~30分钟",
            "v": "2"
          },
          {
            "n": "10分钟以下",
            "v": "1"
          }
        ]
      }
    ],
    "六年级": [
      {
        "key": "tid",
        "name": "分类",
        "value": [
          {
            "n": "全部",
            "v": "小学六年级"
          },
          {
            "n": "语文",
            "v": "六年级语文"
          },
          {
            "n": "数学",
            "v": "六年级数学"
          },
          {
            "n": "英语",
            "v": "六年级英语"
          }
        ]
      },
      {
        "key": "duration",
        "name": "时长",
        "value": [
          {
            "n": "全部",
            "v": "0"
          },
          {
            "n": "60分钟以上",
            "v": "4"
          },
          {
            "n": "30~60分钟",
            "v": "3"
          },
          {
            "n": "10~30分钟",
            "v": "2"
          },
          {
            "n": "10分钟以下",
            "v": "1"
          }
        ]
      }
    ],
    "小升初": [
      {
        "key": "tid",
        "name": "分类",
        "value": [
          {
            "n": "全部",
            "v": "小升初"
          },
          {
            "n": "语文",
            "v": "小升初语文"
          },
          {
            "n": "数学",
            "v": "小升初数学"
          },
          {
            "n": "英语",
            "v": "小升初英语"
          }
        ]
      },
      {
        "key": "duration",
        "name": "时长",
        "value": [
          {
            "n": "全部",
            "v": "0"
          },
          {
            "n": "60分钟以上",
            "v": "4"
          },
          {
            "n": "30~60分钟",
            "v": "3"
          },
          {
            "n": "10~30分钟",
            "v": "2"
          },
          {
            "n": "10分钟以下",
            "v": "1"
          }
        ]
      }
    ],
	"初中课程": [
      {
        "key": "tid",
        "name": "分类",
        "value": [
          {
            "n": "全部",
            "v": "初中课程"
          },
          {
            "n": "语文",
            "v": "初中语文"
          },
          {
            "n": "数学",
            "v": "初中数学"
          },
          {
            "n": "英语",
            "v": "初中英语"
          },
		  {
            "n": "物理",
            "v": "初中物理"
          },
		  {
            "n": "化学",
            "v": "初中化学"
          },
          {
            "n": "历史",
            "v": "初中历史"
          },
          {
            "n": "政治",
            "v": "初中政治"
          },
		  {
            "n": "生物",
            "v": "初中生物"
          },
		  {
            "n": "地理",
            "v": "初中地理"
          }
          
        ]
      },
      {
        "key": "duration",
        "name": "时长",
        "value": [
          {
            "n": "全部",
            "v": "0"
          },
          {
            "n": "60分钟以上",
            "v": "4"
          },
          {
            "n": "30~60分钟",
            "v": "3"
          },
          {
            "n": "10~30分钟",
            "v": "2"
          },
          {
            "n": "10分钟以下",
            "v": "1"
          }
        ]
      }
    ],
    "七年级": [
      {
        "key": "tid",
        "name": "分类",
        "value": [
          {
            "n": "全部",
            "v": "七年级"
          },
          {
            "n": "语文",
            "v": "七年级语文"
          },
          {
            "n": "数学",
            "v": "七年级数学"
          },
          {
            "n": "英语",
            "v": "七年级英语"
          },
		  {
            "n": "物理",
            "v": "七年级物理"
          },
		  {
            "n": "化学",
            "v": "七年级化学"
          },
          {
            "n": "历史",
            "v": "七年级历史"
          },
          {
            "n": "政治",
            "v": "七年级政治"
          },
		  {
            "n": "生物",
            "v": "七年级生物"
          },
		  {
            "n": "地理",
            "v": "七年级地理"
          }
          
        ]
      },
      {
        "key": "duration",
        "name": "时长",
        "value": [
          {
            "n": "全部",
            "v": "0"
          },
          {
            "n": "60分钟以上",
            "v": "4"
          },
          {
            "n": "30~60分钟",
            "v": "3"
          },
          {
            "n": "10~30分钟",
            "v": "2"
          },
          {
            "n": "10分钟以下",
            "v": "1"
          }
        ]
      }
    ],
    "八年级": [
      {
        "key": "tid",
        "name": "分类",
        "value": [
          {
            "n": "全部",
            "v": "八年级"
          },
          {
            "n": "语文",
            "v": "八年级语文"
          },
          {
            "n": "数学",
            "v": "八年级数学"
          },
          {
            "n": "英语",
            "v": "八年级英语"
          },
		  {
            "n": "物理",
            "v": "八年级物理"
          },
		  {
            "n": "化学",
            "v": "八年级化学"
          },
          {
            "n": "历史",
            "v": "八年级历史"
          },
          {
            "n": "政治",
            "v": "八年级政治"
          },
		  {
            "n": "生物",
            "v": "八年级生物"
          },
		  {
            "n": "地理",
            "v": "八年级地理"
          }
          
        ]
      },
      {
        "key": "duration",
        "name": "时长",
        "value": [
          {
            "n": "全部",
            "v": "0"
          },
          {
            "n": "60分钟以上",
            "v": "4"
          },
          {
            "n": "30~60分钟",
            "v": "3"
          },
          {
            "n": "10~30分钟",
            "v": "2"
          },
          {
            "n": "10分钟以下",
            "v": "1"
          }
        ]
      }
    ],
    "九年级": [
      {
        "key": "tid",
        "name": "分类",
        "value": [
          {
            "n": "全部",
            "v": "九年级"
          },
          {
            "n": "语文",
            "v": "九年级语文"
          },
          {
            "n": "数学",
            "v": "九年级数学"
          },
          {
            "n": "英语",
            "v": "九年级英语"
          },
		  {
            "n": "物理",
            "v": "九年级物理"
          },
		  {
            "n": "化学",
            "v": "九年级化学"
          },
          {
            "n": "历史",
            "v": "九年级历史"
          },
          {
            "n": "政治",
            "v": "九年级政治"
          },
		  {
            "n": "生物",
            "v": "九年级生物"
          },
		  {
            "n": "地理",
            "v": "九年级地理"
          }
          
        ]
      },
      {
        "key": "duration",
        "name": "时长",
        "value": [
          {
            "n": "全部",
            "v": "0"
          },
          {
            "n": "60分钟以上",
            "v": "4"
          },
          {
            "n": "30~60分钟",
            "v": "3"
          },
          {
            "n": "10~30分钟",
            "v": "2"
          },
          {
            "n": "10分钟以下",
            "v": "1"
          }
        ]
      }
    ],
    "中考": [
      {
        "key": "tid",
        "name": "分类",
        "value": [
          {
            "n": "全部",
            "v": "中考"
          },
          {
            "n": "语文",
            "v": "中考语文"
          },
          {
            "n": "数学",
            "v": "中考数学"
          },
          {
            "n": "英语",
            "v": "中考英语"
          },
		  {
            "n": "物理",
            "v": "中考物理"
          },
		  {
            "n": "化学",
            "v": "中考化学"
          },
          {
            "n": "历史",
            "v": "中考历史"
          },
          {
            "n": "政治",
            "v": "中考政治"
          },
		  {
            "n": "生物",
            "v": "中考生物"
          },
		  {
            "n": "地理",
            "v": "中考地理"
          },
          {
            "n": "实验",
            "v": "中考实验"
          }
          
        ]
      },
      {
        "key": "duration",
        "name": "时长",
        "value": [
          {
            "n": "全部",
            "v": "0"
          },
          {
            "n": "60分钟以上",
            "v": "4"
          },
          {
            "n": "30~60分钟",
            "v": "3"
          },
          {
            "n": "10~30分钟",
            "v": "2"
          },
          {
            "n": "10分钟以下",
            "v": "1"
          }
        ]
      }
    ],
    "初升高": [
      {
        "key": "tid",
        "name": "分类",
        "value": [
          {
            "n": "全部",
            "v": "初升高"
          },
          {
            "n": "语文",
            "v": "初升高语文"
          },
          {
            "n": "数学",
            "v": "初升高数学"
          },
          {
            "n": "英语",
            "v": "初升高英语"
          },
		  {
            "n": "物理",
            "v": "初升高物理"
          },
		  {
            "n": "化学",
            "v": "初升高化学"
          },
          {
            "n": "历史",
            "v": "初升高历史"
          },
          {
            "n": "政治",
            "v": "初升高政治"
          },
		  {
            "n": "生物",
            "v": "初升高生物"
          },
		  {
            "n": "地理",
            "v": "初升高地理"
          }
          
          
        ]
      },
      {
        "key": "duration",
        "name": "时长",
        "value": [
          {
            "n": "全部",
            "v": "0"
          },
          {
            "n": "60分钟以上",
            "v": "4"
          },
          {
            "n": "30~60分钟",
            "v": "3"
          },
          {
            "n": "10~30分钟",
            "v": "2"
          },
          {
            "n": "10分钟以下",
            "v": "1"
          }
        ]
      }
    ],
	"高中课程": [
      {
        "key": "tid",
        "name": "分类",
        "value": [
          {
            "n": "全部",
            "v": "高中课程"
          },
          {
            "n": "语文",
            "v": "高中语文"
          },
          {
            "n": "数学",
            "v": "高中数学"
          },
          {
            "n": "英语",
            "v": "高中英语"
          },
		  {
            "n": "物理",
            "v": "高中物理"
          },
		  {
            "n": "化学",
            "v": "高中化学"
          },
		  {
            "n": "生物",
            "v": "高中生物"
          },
          {
            "n": "历史",
            "v": "高中历史"
          },
           {
            "n": "政治",
            "v": "高中政治"
          },
		  {
            "n": "地理",
            "v": "高中地理"
          },
          {
            "n": "实验",
            "v": "高中实验"
          }
          
        ]
      },
      {
        "key": "duration",
        "name": "时长",
        "value": [
          {
            "n": "全部",
            "v": "0"
          },
          {
            "n": "60分钟以上",
            "v": "4"
          },
          {
            "n": "30~60分钟",
            "v": "3"
          },
          {
            "n": "10~30分钟",
            "v": "2"
          },
          {
            "n": "10分钟以下",
            "v": "1"
          }
        ]
      }
    ],
    "高一": [
      {
        "key": "tid",
        "name": "分类",
        "value": [
          {
            "n": "全部",
            "v": "高一"
          },
          {
            "n": "语文",
            "v": "高一语文"
          },
          {
            "n": "数学",
            "v": "高一数学"
          },
          {
            "n": "英语",
            "v": "高一英语"
          },
		  {
            "n": "物理",
            "v": "高一物理"
          },
		  {
            "n": "化学",
            "v": "高一化学"
          },
          {
            "n": "历史",
            "v": "高一历史"
          },
          {
            "n": "政治",
            "v": "高一政治"
          },
		  {
            "n": "生物",
            "v": "高一生物"
          },
		  {
            "n": "地理",
            "v": "高一地理"
          }
          
        ]
      },
      {
        "key": "duration",
        "name": "时长",
        "value": [
          {
            "n": "全部",
            "v": "0"
          },
          {
            "n": "60分钟以上",
            "v": "4"
          },
          {
            "n": "30~60分钟",
            "v": "3"
          },
          {
            "n": "10~30分钟",
            "v": "2"
          },
          {
            "n": "10分钟以下",
            "v": "1"
          }
        ]
      }
    ],
    "高二": [
      {
        "key": "tid",
        "name": "分类",
        "value": [
          {
            "n": "全部",
            "v": "高二"
          },
          {
            "n": "语文",
            "v": "高二语文"
          },
          {
            "n": "数学",
            "v": "高二数学"
          },
          {
            "n": "英语",
            "v": "高二英语"
          },
		  {
            "n": "物理",
            "v": "高二物理"
          },
		  {
            "n": "化学",
            "v": "高二化学"
          },
          {
            "n": "历史",
            "v": "高二历史"
          },
          {
            "n": "政治",
            "v": "高二政治"
          },
		  {
            "n": "生物",
            "v": "高二生物"
          },
		  {
            "n": "地理",
            "v": "高二地理"
          }
          
        ]
      },
      {
        "key": "duration",
        "name": "时长",
        "value": [
          {
            "n": "全部",
            "v": "0"
          },
          {
            "n": "60分钟以上",
            "v": "4"
          },
          {
            "n": "30~60分钟",
            "v": "3"
          },
          {
            "n": "10~30分钟",
            "v": "2"
          },
          {
            "n": "10分钟以下",
            "v": "1"
          }
        ]
      }
    ],
   "高三": [
      {
        "key": "tid",
        "name": "分类",
        "value": [
          {
            "n": "全部",
            "v": "高三"
          },
          {
            "n": "语文",
            "v": "高三语文"
          },
          {
            "n": "数学",
            "v": "高三数学"
          },
          {
            "n": "英语",
            "v": "高三英语"
          },
		  {
            "n": "物理",
            "v": "高三物理"
          },
		  {
            "n": "化学",
            "v": "高三化学"
          },
          {
            "n": "历史",
            "v": "高三历史"
          },
          {
            "n": "政治",
            "v": "高三政治"
          },
		  {
            "n": "生物",
            "v": "高三生物"
          },
		  {
            "n": "地理",
            "v": "高三地理"
          }
          
        ]
      },
      {
        "key": "duration",
        "name": "时长",
        "value": [
          {
            "n": "全部",
            "v": "0"
          },
          {
            "n": "60分钟以上",
            "v": "4"
          },
          {
            "n": "30~60分钟",
            "v": "3"
          },
          {
            "n": "10~30分钟",
            "v": "2"
          },
          {
            "n": "10分钟以下",
            "v": "1"
          }
        ]
      }
    ],
    "高考": [
      {
        "key": "tid",
        "name": "分类",
        "value": [
          {
            "n": "全部",
            "v": "高考"
          },
          {
            "n": "语文",
            "v": "高考语文"
          },
          {
            "n": "数学",
            "v": "高考数学"
          },
          {
            "n": "英语",
            "v": "高考英语"
          },
		  {
            "n": "物理",
            "v": "高考物理"
          },
		  {
            "n": "化学",
            "v": "高考化学"
          },
          {
            "n": "历史",
            "v": "高考历史"
          },
          {
            "n": "政治",
            "v": "高考政治"
          },
		  {
            "n": "生物",
            "v": "高考生物"
          },
		  {
            "n": "地理",
            "v": "高考地理"
          },
          {
            "n": "实验",
            "v": "高考实验"
          }
          
        ]
      },
      {
        "key": "duration",
        "name": "时长",
        "value": [
          {
            "n": "全部",
            "v": "0"
          },
          {
            "n": "60分钟以上",
            "v": "4"
          },
          {
            "n": "30~60分钟",
            "v": "3"
          },
          {
            "n": "10~30分钟",
            "v": "2"
          },
          {
            "n": "10分钟以下",
            "v": "1"
          }
        ]
      }
    ]
   
  }
}