{"name": "四虎影院<屏蔽移动网>",
"url": "https://www.e456j.com/",
"tihuan": "cnzz.com",
"User": "空",
"fenlei": "国产$/video/index_#自拍视频$/video/zipai/index_#淫妻作乐$/video/fuqi/index_#开放青年$/video/kaifang/index_#精品分享$/video/jingpin/index_#台湾辣妹$/video/twmn/index_#韩国主播$/video/krzb/index_#动漫卡通$/video/dongman/index_#经典三级$/video/sanji/index_#女优$/av/index_#女性向纯爱$/av/nxx/index_#GIGA女战士$/av/giga/index_#波多野结衣$/av/bdyjy/index_#深田咏美$/av/stym/index_#桥本有菜$/av/qbyc/index_#苍井空$/av/cjk/index_#三上悠亚$/av/ssyy/index_#吉泽明步$/av/jzmb/index_#电影$/movie/index_#无码中字$/movie/wuma/index_#SM系列$/movie/sm/index_#高清无码$/movie/gaoqing/index_#熟女人妻$/movie/shunv/index_#美颜巨乳$/movie/meiyan/index_#丝袜制服$/movie/siwa/index_#中字有码$/movie/youma/index_#欧美系列$/movie/oumei/index_",
"houzhui": ".html",
"shifouercijiequ": "0",
"jiequqian": "空",
"jiequhou": "空",
"jiequshuzuqian": "	<dt",
"jiequshuzuhou": "</dt>",
"tupianqian": "original=\"",
"tupianhou": "\"",
"biaotiqian": "title=\"",
"biaotihou": "\"",
"lianjieqian": "href=\"",
"lianjiehou": "\"",
"sousuoqian": "/searchs/index.php?keyboard=",
"sousuohou": "&classid=",
"sousuohouzhui": "/html/",
"ssmoshi": "1",
"sousuoshifouercijiequ": "0",
"jspic": "pic",
"jsname": "name",
"jsid": "id",
"ssjiequqian": "空",
"ssjiequhou": "空",
"ssjiequshuzuqian": "com/html",
"ssjiequshuzuhou": "</dt>",
"sstupianqian": "<p>",
"sstupianhou": " - <span",
"ssbiaotiqian": "target=\"_blank\">",
"ssbiaotihou": "</a>",
"sslianjieqian": ".com",
"sslianjiehou": " - <span",
"bfshifouercijiequ": "0",
"bfjiequqian": "空",
"bfjiequhou": "空",
"bfjiequshuzuqian": "<div class=\"item",
"bfjiequshuzuhou": "</div>",
"zhuangtaiqian": "分类：</span>",
"zhuangtaihou": "</p>",
"daoyanqian": "导演：</span>",
"daoyanhou": "</p>",
"zhuyanqian": "主演：</span>",
"zhuyanhou": "</p>",
"juqingqian": "名称：",
"juqinghou": "</h3>",
"bfyshifouercijiequ": "0",
"bfyjiequqian": "空",
"bfyjiequhou": "空",
"bfyjiequshuzuqian": "<a",
"bfyjiequshuzuhou": "/a>",
"bfbiaotiqian": ">",
"bfbiaotihou": "<",
"bflianjieqian": "href=\"",
"bflianjiehou": "\""}
