{

"spider":"https://www.gitclone.com/gogs/xibao/B/raw/master/md5.jar;md5;EF786A0F49F9F3404AEAD005B245325C",
"wallpaper":"https://agit.ai/xibao/M/raw/branch/master/miao.jpeg",
"lives": [{"group": "redirect","channels": [{"name": "live","urls": ["proxy://do=live&type=txt&ext=aHR0cHM6Ly9hZ2l0LmFpL3hpYmFvL00vcmF3L2JyYW5jaC9tYXN0ZXIvbGl2ZS50eHQ="]}]}],

"sites":[


{"key":"csp_Alist1","name":"Alist网盘","type":3,"api":"csp_Alist","searchable":0,"quickSearch":0,"filterable":0,"ext":"http://神器每日推送.tk/json/alist.json"},	

{"key":"csp_KanSJ","name":"看视界┃SP","api":"csp_KanSJ","type":3,"filterable":1,"quickSearch":1,"searchable":1},
{"key":"csp_Nmys","name":"农民┃SP","type":3,"api":"csp_Nmys","searchable":1,"quickSearch":1,"filterable":1,"ext":"http://神器每日推送.tk/json/nmys.json"},
{"key":"csp_kuaikan","name":"快看┃SP","type":3,"api":"csp_Kuaikan","playerType":1,"searchable":1,"quickSearch":1,"filterable":1},
{"key":"csp_AppTT","name":"tutu┃SP","type":3,"api":"csp_AppTT","playerType":1,"searchable":1,"quickSearch":1,"filterable":1},
{"key":"csp_Nianying","name":"NB┃SP","type":3,"api":"csp_Nianying","searchable":1,"quickSearch":1,"filterable":1},
{"key":"csp_Bttoo","name":"2BT┃SP","type":3,"api":"csp_Bttoo","searchable":1,"quickSearch":1,"filterable":1},
{"key":"csp_Czsapp","name":"厂长┃SP","type":3,"api":"csp_Czsapp","searchable":1,"quickSearch":1,"filterable":1},
{"key":"csp_GitCafe","name":"纸条┃SP","type":3,"api":"csp_Gitcafe","playerType":1,"searchable":1,"quickSearch":1,"filterable":1,"ext":"https://sourl.cn/MTtpwt"},
{"key":"csp_Lezhu","name":"乐猪┃SP","type":3,"api":"csp_Lezhu","searchable":1,"quickSearch":1,"filterable":1},
{"key":"csp_apple","name":"苹果┃SP","type":3,"api":"csp_LiteApple","playerType":1,"searchable":1,"quickSearch":1,"filterable":1},
{"key":"csp_77","name":"77┃SP","type":3,"api":"csp_Kunyu77","searchable":1,"quickSearch":1,"filterable":1},
{"key":"csp_Cokemv","name":"Cok┃SP","type":3,"api":"csp_Cokemv","playerType":1,"searchable":1,"quickSearch":1,"filterable":1},
{"key":"csp_Lib","name": "Lib┃SP","type": 3,"api": "csp_Lib","searchable": 1,"quickSearch": 1,"filterable": 1},
{"key":"csp_Auete","name":"Aue┃SP","type": 3,"api":"csp_Auete","searchable":1,"quickSearch":1,"filterable":1},	

{"key":"csp_555","name":"️555┃SP","type":3,"api":"csp_Dy555","searchable":1,"quickSearch":1,"filterable":1},	
{"key":"csp_SP293","name":"293┃SP","type":3,"api":"csp_SP293","searchable":1,"quickSearch":1,"filterable":1},
{"key":"csp_DiDuan" ,"name":"低端┃SP","type":3,"api":"csp_Ddrk","searchable":1,"quickSearch":1,"filterable":0},
{"key":"csp_Smdyy","name": "神马┃SP","type": 3,"api": "csp_Smdyy","searchable": 1,"quickSearch": 1,"filterable": 1},	
{"key":"csp_SP360","name":"360┃SP","type":3,"api":"csp_SP360","searchable":1,"quickSearch":1,"filterable":1},
{"key":"csp_Bd","name":"bidi┃SP","type":3,"api":"csp_Bdys01","searchable":1,"quickSearch":1,"filterable":1},
{"key":"csp_Wmkk","name":"完美┃SP","api":"csp_Wmkk","type":3,"filterable":1,"quickSearch":1,"searchable":1},
{"key":"csp_jihuang","name":"剧荒┃SP","type":3,"api":"csp_Juhuang","searchable":1,"quickSearch":1,"filterable":1},
{"key":"csp_ZJMiao","name":"追剧喵┃SP","type":3,"api":"csp_ZJMiao","searchable":1,"quickSearch":1,"filterable":1},
{"key":"csp_EEEDY","name":"3E飘花┃SP","type":3,"api":"csp_EEEDY","searchable":1,"quickSearch":1,"filterable":1},
{"key":"csp_Mjxq","name":"美剧星球┃SP","type":3,"api":"csp_Mjxq","searchable":1,"quickSearch":1,"filterable":1},
{"key":"csp_Yj1211","name": "网红直播┃SP","type": 3,"api": "csp_Yj1211","searchable": 1,"quickSearch": 1,"filterable": 1},
{"key":"csp_Anime1","name": "日本动漫┃SP","type": 3,"api": "csp_Anime1","searchable": 1,"quickSearch": 1,"filterable": 1},

{"key":"csp_XYQBiu_凌云影视","name": "凌云┃XYQ","type": 3,"api": "csp_XYQBiu","searchable": 1,"quickSearch": 1,"filterable": 1,"ext": "http://神器每日推送.tk/XYQxb/凌云影视.json"},
{"key":"csp_XYQBiu_万能影院","name": "万能┃XYQ","type": 3,"api": "csp_XYQBiu","searchable": 1,"quickSearch": 1,"filterable": 1,"ext": "http://神器每日推送.tk/XYQxb/万能影院.json"},
{"key":"csp_XYQBiu_大米星球","name":"大米┃XYQ","type":3,"api":"csp_XYQBiu","searchable":1,"quickSearch":1,"filterable":1,"ext":"http://神器每日推送.tk/XYQxb/大米星球.json"},	
	
{"key":"csp_xBPQ_在线之家","name":"️在线之家┃xBPQ","type":3,"api":"csp_xBPQ","searchable":1,"quickSearch":1,"filterable":0,"ext":"{\"免嗅\":\"1\",\"播放标题\":\">&&<\",\"副标题\":\"class=\\\"pic-text text-right\\\">&&</span>\",\"线路数组\": \"class=\\\"stui-vodlist__head&&</div>\",\"线路标题\": \"<h3>&&</h3>\",\"播放数组\":\"class=\\\"stui-content__playlist&&</ul>\",\"分类\":\"电影$1#美剧$2#韩剧$3#日剧$4#泰剧$5#动漫$6\",\"分类url\":\"https://zxzj.vip/vodshow/{cateId}-{area}-------{catePg}---{year}.html\",\"筛选\":\"1\"}"},
{"key":"csp_xBPQ_蓝光影院","name":"蓝光影院┃xBPQ","type":3,"api":"csp_xBPQ","searchable":1,"quickSearch":1,"filterable":0,"ext":"{\"免嗅\":\"1\",\"播放标题\":\"span>&&<\",\"播放数组\":\"class=\\\"module-play-list&&</div>\",\"分类\":\"国产剧$13#动漫$5#日韩剧$2#港台剧$14#电影$1#综艺$3\",\"分类url\":\"https://www.lgyy.cc/vodtype/{cateId}/page/{catePg}---.html\"}"},
{"key":"csp_xBPQ_影视工厂","name":"影视工厂┃xBPQ","type":3,"api":"csp_xBPQ","searchable":1,"quickSearch":1,"filterable":0,"ext":"{\"免嗅\":\"1\",\"副标题\":\"class=\\\"handle-btn-name\\\">&&</span>\",\"导演\":\"导演：&&</div\",\"主演\":\"主演：&&</div\",\"简介\":\"简介：&&</li>\",\"播放标题\":\">&&<\",\"播放数组\":\"class=\\\"myui-content__list&&</ul>\",\"分类\":\"电视剧$2#动漫$4#电影$1#综艺$3#国产剧$13#港台剧$14\",\"分类url\":\"http://www.ysgc.cc/vodshow/{cateId}--------{catePg}---.html\",\"年份\":\"2004-2022\",\"筛选\":\"1\"}"},
{"key":"csp_xBPQ_极品影视","name":"极品影视┃xBPQ","type":3,"api":"csp_xBPQ","searchable":1,"quickSearch":1,"filterable":0,"ext":"{\"免嗅\":\"1\",\"线路数组\": \"class=\\\"module-tab-item tab-item&&</div>\",\"线路标题\": \"<span>&&</span>\",\"播放标题\":\"<span>&&</span>\",\"播放数组\":\"class=\\\"module-play-list&&</div>\",\"分类url\":\"https://www.jpys.me/vodshow/{cateId}-{area}-{by}-{class}-{lang}-{letter}---{catePg}---{year}.html\",\"年份\":\"2000-2022\",\"筛选\":\"1\"}"},
{"key":"csp_xBPQ_干饭影视","name":"干饭影视┃xBPQ","type":3,"api":"csp_xBPQ","searchable":1,"quickSearch":1,"filterable":0,"ext":"{\"免嗅\":\"1\",\"导演\": \"导演：&&</div\",\"主演\": \"主演：&&</div\",\"简介\": \"module-info-introduction-content&&</div>\",\"播放标题\":\">&&<\",\"播放数组\":\"class=\\\"stui-content__playlist&&</div>\",\"分类\":\"电视剧$2#动漫$4#电影$1#综艺$3#专题$5\",\"分类url\":\"https://www.gfysys1.com/vodshow/{cateId}--------{catePg}---.html\"}"},
{"key":"csp_xBPQ_番茄影视","name":"番茄影视┃xBPQ","type":3,"api":"csp_xBPQ","searchable":1,"quickSearch":1,"filterable":0,"ext":"{\"免嗅\":\"1\",\"播放标题\":\"span>&&<\",\"导演\": \"导演：&&</div\",\"主演\": \"主演：&&</div\",\"简介\": \"module-info-introduction-content&&</div>\",\"副标题\":\"class=\\\"hl-lc-1 remarks\\\">&&</span>\",\"播放标题\":\">&&<\",\"播放数组\":\"class=\\\"hl-plays-list&&</div>\",\"分类\":\"国产电视剧$13#剧电影$1#电视剧$2#综艺$3#动漫$4#纪录片$5\",\"分类url\":\"https://www.tjomet.com/vodshow/{cateId}{catelog}-{area}-{by}------{catePg}---{year}.html\"}"},
{"key":"csp_xBPQ_爱酷影视","name":"爱酷影视┃xBPQ","type":3,"api":"csp_xBPQ","searchable":1,"quickSearch":1,"filterable":0,"ext":"{\"免嗅\":\"1\",\"副标题\":\"class=\\\"handle-btn-name\\\">&&</span>\",\"导演\": \"导演：&&</div\",\"主演\": \"主演：&&</div\",\"简介\": \"简介：&&</li>\",\"播放标题\":\"span>&&</span\",\"播放数组\":\"module-play-list&&</div>\",\"分类\":\"电视剧$2#动漫$4#电影$1#综艺$3\",\"分类url\":\"https://www.zhanlangbu.com/index.php/vod/type/id/{cateId}.html\",\"年份\":\"2004-2022\",\"筛选\":\"0\"}"},
{"key":"csp_xBPQ_大米星球","name":"️大米星球┃xBPQ","type":3,"api":"csp_xBPQ","searchable":1,"quickSearch":1,"filterable":0,"ext":"{\"免嗅\":\"1\",\"副标题\":\"class=\\\"module-item-note\\\">&&</div>\",\"线路数组\": \"class=\\\"module-tab-item tab-item&&</div>\",\"线路标题\": \"<span>&&</small>\",\"播放标题\":\"<span>&&</span>\",\"播放数组\":\"class=\\\"module-play-list&&</div>\",\"分类\":\"电影$20#电视剧$21#综艺$22#动漫$23\",\"分类url\":\"https://www.dmxq.me/vodshow/{cateId}--------{catePg}---.html\"}"},
{"key":"csp_xBPQ_巨人影院","name":"巨人影院┃xBPQ","type":3,"api":"csp_xBPQ","searchable":1,"quickSearch":1,"filterable":0,"ext":"{\"免嗅\":\"1\",\"副标题\":\"class=\\\"hl-lc-1 remarks\\\">&&</span>\",\"导演\": \"导演：&&</li\",\"主演\": \"主演：&&</li\",\"简介\": \"hl-content-text\\\"><em>&&</em\",\"线路数组\": \"hl-tabs-btn hl-slide-swiper&&/a>\",\"线路标题\":\"></i>&&</a>\",\"播放数组\":\"id=\\\"hl-plays-list&&</ul>\",\"播放标题\":\">&&</a\",\"分类\":\"电视剧$2#动漫$3#电影$1#综艺$4#动画片$6\",\"分类url\":\"http://www.jurenm.com/vodtype/{cateId}/page/{catePg}.html\",\"年份\":\"2000-2022\",\"筛选\":\"0\"}"},
{"key":"csp_xBPQ_555dy","name":"555电影┃xBPQ","type":3,"api":"csp_xBPQ","searchable":1,"quickSearch":1,"filterable":0,"ext":"{\"免嗅\":\"1\",\"播放标题\":\"span>&&<\",\"导演\": \"导演：&&</div\",\"主演\": \"主演：&&</div\",\"简介\": \"show-desc&&</p>\",\"分类\":\"数字||福利$124\",\"副标题\":\"class=\\\"module-item-note\\\">&&</div>\",\"线路数组\": \"class=\\\"module-tab-item tab-item&&</div>\",\"线路标题\": \"<span>&&</span>\",\"类型\":\"clan://TVBox/筛选/555筛选.json\",\"播放数组\":\"class=\\\"module-play-list-content&&</div>\",\"分类url\":\"https://www.555yy1.com/vodshow/{cateId}-{area}-{by}-{class}-{lang}----{catePg}---{year}.html\"}"},
{"key":"csp_xBPQ_app","name":"app影院┃xBPQ","type":3,"api":"csp_xBPQ","searchable":1,"quickSearch":1,"filterable":0,"ext":"{\"免嗅\":\"1\",\"副标题\":\"class=\\\"pic-text text-right\\\">&&</span>\",\"导演\": \"导演：&&</div\",\"主演\": \"主演：&&</div\",\"简介\": \"简介：&&</li>\",\"播放标题\":\">&&<\",\"播放数组\":\"class=\\\"stui-content__playlist clearfix&&</ul>\",\"分类\":\"国产电视剧$13#电视剧$2#动漫$4#电影$1#综艺$3\",\"分类url\":\"https://app.movie/index.php/vod/type/id/{cateId}/page/{catePg}.html\",\"年份\":\"2000-2022\",\"筛选\":\"0\"}"},
{"key":"csp_xBPQ_真不卡","name":"️真不卡┃xBPQ","type":3,"api":"csp_xBPQ","searchable":1,"quickSearch":1,"filterable":0,"ext":"{\"免嗅\":\"1\",\"播放标题\":\">&&<\",\"导演\": \"导演：&&</div\",\"主演\": \"主演：&&</div\",\"简介\": \"module-info-introduction-content&&</div>\",\"播放数组\":\"class=\\\"stui-content__playlist&&</div>\",\"分类url\":\"https://www.zbkk.net/vodshow/{cateId}--------{catePg}---.html\"}"},
{"key":"csp_xBPQ_FREEOK","name":"️FREEOK┃xBPQ","type":3,"api":"csp_xBPQ","searchable":1,"quickSearch":1,"filterable":0,"ext":"{\"免嗅\":\"1\",\"播放标题\":\"span>&&<\",\"副标题\":\"class=\\\"module-item-note\\\">&&</div>\",\"线路数组\": \"class=\\\"module-tab-item tab-item&&</div>\",\"线路标题\": \"<span>&&</span>\",\"播放数组\":\"class=\\\"module-play-list&&</div>\",\"分类\":\"电影$2#剧集$1#综艺$4#动漫$3#学习$27\",\"分类url\":\"https://www.86516.tk/vodshow/{cateId}-{area}--{class}-----{catePg}---{year}/\"}"},
{"key":"csp_xBPQ_UM影视","name":"UM影视 xBPQ","type":3,"api":"csp_xBPQ","searchable":1,"quickSearch":1,"filterable":0,"ext":"{\"免嗅\":\"1\",\"导演\": \"导演：&&</div\",\"主演\": \"主演：&&</div\",\"简介\": \"module-info-introduction-content&&</div>\",\"播放标题\":\"span>&&<\",\"副标题\":\"class=\\\"module-item-note\\\">&&</div>\",\"线路数组\": \"class=\\\"module-tab-item tab-item&&</div>\",\"线路标题\": \"<span>&&</span>\",\"播放数组\":\"class=\\\"module-play-list&&</div>\",\"分类url\":\"https://www.umkan.com/index.php/vod/show/id/{cateId}/page/{catePg}.html\"}"},
{"key":"csp_xBPQ_黑洞","name":"黑洞网┃xBPQ","type":3,"api":"csp_xBPQ","searchable":1,"quickSearch":1,"filterable":0,"ext":"{\"免嗅\":\"0\",\"副标题\":\"class=\\\"hl-lc-1 remarks\\\">&&</span>\",\"导演\": \"导演：&&</div\",\"主演\": \"主演：&&</div\",\"简介\": \"简介：&&</li>\",\"播放标题\":\">&&<\",\"播放数组\":\"hl-list-wrap&&</div>\",\"分类\":\"电视剧$2#动漫$4#电影$1#综艺$3\",\"分类url\":\"https://www.nulltm.com/vodshow/{cateId}--------{catePg}---.html\",\"年份\":\"2000-2022\",\"筛选\":\"0\"}"},
{"key":"csp_xBPQ_瓜皮TV","name":"瓜皮TV┃xBPQ","type":3,"api":"csp_xBPQ","searchable":1,"quickSearch":1,"filterable":0,"ext":"{\"免嗅\":\"1\",\"主演\": \"主演：&&</div>\",\"导演\": \"导演：&&</a>\",\"简介\": \"module-info-introduction-content\\\"&&</div>\",\"副标题\":\"class=\\\"module-item-note\\\">&&</div>\",\"播放标题\":\"span>&&<\",\"播放数组\":\"class=\\\"module-play-list-content&&</div>\",\"线路数组\": \"class=\\\"module-tab-item tab-item&&</div>\",\"线路标题\": \"<span>&&</span>\",\"分类\":\"电影$1#电视剧$2#综艺$3#动漫$4#少儿$20#纪录片$21\",\"分类url\":\"https://guapitv.xyz/list-{cateId}/page/{catePg}---{year}.html\"}"},
{"key":"csp_xBPQ_皮皮泡","name":"皮皮泡┃xBPQ","type":3,"api":"csp_xBPQ","searchable":1,"quickSearch":1,"filterable":0,"ext":"{\"免嗅\":\"0\",\"副标题\":\"class=\\\"pic-text text-right\\\">&&</span>\",\"导演\": \"导演：&&</div\",\"主演\": \"主演：&&</div\",\"播放标题\":\">&&<\",\"播放数组\":\"class=\\\"stui-content__playlistclearfix&&</ul>\",\"分类\":\"国产剧$13#电视剧$dianshiju#动漫$dongman#电影$dianyin#综艺$zongyi#纪录片$jilupian\",\"分类url\":\"https://www.pipipao.com/vodshow/id/{cateId}/page/{catePg}.htmll\",\"年份\":\"2000-2022\",\"筛选\":\"0\"}"},
{"key":"csp_xBPQ_LIBVIO","name":"LIBVIO┃xBPQ","type":3,"api":"csp_xBPQ","searchable":1,"quickSearch":1,"filterable":0,"ext":"https://www.gitclone.com/gogs/xibao/P/raw/master/xbpq/LIBVIO%28xBPQ%29.json"},	



{"key":"csp_xb_BTTWOO","name":"BTTWOO┃XBIU","type":3,"api":"csp_XBiu","searchable":1,"quickSearch":1,"filterable":0,"ext":"https://www.bttwo.tv/index.php/vod/show/id/{cateId}/page/{catePg}.html","jar":"https://www.gitclone.com/gogs/xibao/P/raw/master/XBiu.jar;md5;CCCC8565E310AFEF6962FD79E94E808B"},
{"key":"csp_xb_cokemv","name":"COKEMV┃XBIU","type":3,"api":"csp_XBiu","searchable":1,"quickSearch":1,"filterable":0,"ext":"https://cokemv.me/vodshow/{cateId}--------{catePg}---.html","jar":"https://www.gitclone.com/gogs/xibao/P/raw/master/XBiu.jar;md5;CCCC8565E310AFEF6962FD79E94E808B"},
{"key":"csp_xb_Voflix","name":"VOFLIX┃XBIU","type":3,"api":"csp_XBiu","searchable":1,"quickSearch":1,"filterable":0,"ext":"https://www.voflix.com/show/{cateId}--------{catePg}---.html","jar":"https://www.gitclone.com/gogs/xibao/P/raw/master/XBiu.jar;md5;CCCC8565E310AFEF6962FD79E94E808B"},
{"key":"csp_xb_LIBVIO","name":"LIBVIO┃XBIU","type":3,"api":"csp_XBiu","searchable":1,"quickSearch":1,"filterable":0,"ext":"https://libvio.me/type/{cateId}-{catePg}.html","jar":"https://www.gitclone.com/gogs/xibao/P/raw/master/XBiu.jar;md5;CCCC8565E310AFEF6962FD79E94E808B"},
{"key":"csp_xb_lezhu","name":"乐猪┃XBIU","type":3,"api":"csp_XBiu","searchable":1,"quickSearch":1,"filterable":0,"ext":" http://www.lezhutv.com/type/{cateId}-{catePg}.html","jar":"https://www.gitclone.com/gogs/xibao/P/raw/master/XBiu.jar;md5;CCCC8565E310AFEF6962FD79E94E808B"},
{"key":"csp_xb_ysgc","name":"影视工厂┃XBIU","type":3,"api":"csp_XBiu","searchable":1,"quickSearch":1,"filterable":0,"ext":"https://www.ysgc.fun/vodtype/{cateId}-{catePg}.html","jar":"https://www.gitclone.com/gogs/xibao/P/raw/master/XBiu.jar;md5;CCCC8565E310AFEF6962FD79E94E808B"},
{"key":"csp_xb_lgyy","name":"蓝光影院┃XBIU","type":3,"api":"csp_XBiu","searchable":1,"quickSearch":1,"filterable":0,"ext":"https://lgyy.tv/vodshow/{cateId}--------{catePg}---.html","jar":"https://www.gitclone.com/gogs/xibao/P/raw/master/XBiu.jar;md5;CCCC8565E310AFEF6962FD79E94E808B"},
{"key":"csp_xb_大米","name":"大米星球┃XBIU","type":3,"api":"csp_XBiu","searchable":1,"quickSearch":1,"filterable":0,"ext":"https://www.dmxq.fun/vodshow/{cateId}--------{catePg}---/pjax/YES.html","jar":"https://www.gitclone.com/gogs/xibao/P/raw/master/XBiu.jar;md5;CCCC8565E310AFEF6962FD79E94E808B"},
{"key":"csp_xb_在线","name":"在线之家┃XBIU","type":3,"api":"csp_XBiu","searchable":1,"quickSearch":1,"filterable":0,"ext":"https://zxzj.vip/list/{cateId}-{catePg}.html","jar":"https://www.gitclone.com/gogs/xibao/P/raw/master/XBiu.jar;md5;CCCC8565E310AFEF6962FD79E94E808B"},
{"key":"csp_xb_TVB电视","name":"TVB电视┃XBIU","type":3,"api":"csp_XBiu","searchable":1,"quickSearch":1,"filterable":0,"ext":"http://www.tvyb03.com/vod/type/id/{cateId}/page/{catePg}.html","jar":"https://www.gitclone.com/gogs/xibao/P/raw/master/XBiu.jar;md5;CCCC8565E310AFEF6962FD79E94E808B"},
{"key":"csp_xb_90视频","name":"90视频┃XBIU","type":3,"api":"csp_XBiu","searchable":1,"quickSearch":1,"filterable":0,"ext":"https://www.90r.cc/vodtype/{cateId}-{catePg}.html","jar":"https://www.gitclone.com/gogs/xibao/P/raw/master/XBiu.jar;md5;CCCC8565E310AFEF6962FD79E94E808B"},
{"key":"csp_xb_mozhatu","name":"莫扎兔┃XBIU","type":3,"api":"csp_XBiu","searchable":1,"quickSearch":1,"filterable":0,"ext":"https://www.mozhatu.com/index.php/vod/show/id/{cateId}/page/{catePg}.html","jar":"https://www.gitclone.com/gogs/xibao/P/raw/master/XBiu.jar;md5;CCCC8565E310AFEF6962FD79E94E808B"},
{"key":"csp_xb_鸭奈飞","name":"鸭奈飞┃XBIU","type":3,"api":"csp_XBiu","searchable":1,"quickSearch":1,"filterable":0,"ext":"https://yanetflix.com/vodshow/{cateId}--------{catePg}---.html","jar":"https://www.gitclone.com/gogs/xibao/P/raw/master/XBiu.jar;md5;CCCC8565E310AFEF6962FD79E94E808B"},
{"key":"csp_xb_dm84","name":"动漫巴士┃XBIU","type":3,"api":"csp_XBiu","searchable":1,"quickSearch":1,"filterable":0,"ext":"https://dm84.tv/list-{cateId}-{cXPatePg}.html","jar":"https://www.gitclone.com/gogs/xibao/P/raw/master/XBiu.jar;md5;CCCC8565E310AFEF6962FD79E94E808B"},
{"key":"csp_xb_555","name":"555电影┃XBIU","type":3,"api":"csp_XBiu","searchable":1,"quickSearch":1,"filterable":0,"ext":"https://www.555dy.me/vodshow/{cateId}--------{catePg}---.html","jar":"https://www.gitclone.com/gogs/xibao/P/raw/master/XBiu.jar;md5;CCCC8565E310AFEF6962FD79E94E808B"},



{"key":"Upyunso","name":"Up云┃搜索","type":3,"api":"csp_Upyunso","playerType":1,"searchable":1,"quickSearch":1,"filterable":0,"ext":"https://sourl.cn/MTtpwt"},
{"key":"Yisou","name":"易搜┃搜索","type":3,"api":"csp_Yiso","playerType":1,"searchable":1,"quickSearch":1,"filterable":0,"ext":"https://sourl.cn/MTtpwt"},
{"key":"Alips","name":"喵搜┃搜索","type":3,"api":"csp_AliPS","playerType":1,"searchable":1,"quickSearch":1,"filterable":0,"ext":"https://sourl.cn/MTtpwt"},
{"key":"Zhaozy","name":"找资源┃搜索","type":3,"api":"csp_Zhaozy","playerType":1,"searchable":1,"quickSearch":1,"filterable":0,"ext":"https://sourl.cn/MTtpwt"},
{"key":"push_agent","name":"推送┃云盘|磁力","type":3,"api":"csp_PushAgent","playerType":1,"searchable":0,"quickSearch":0,"filterable":0,"ext":"https://sourl.cn/MTtpwt"},

{"key": "T4","name": "豆瓣荐片┃T4桉","type": 4,"api": "https://t4.secan.icu/vod?sites=all&timeout=7","searchable": 1,"quickSearch": 1,"filterable": 1},
	

{"key":"csp_XYQBiu_虎牙直播","name":"虎牙","type":3,"api":"csp_XYQBiu","searchable":0,"quickSearch":0,"filterable":0,"ext":"http://神器每日推送.tk/XYQxb/虎牙直播.json"},
{"key":"csp_xbb_斗鱼","name":"斗鱼","type":3,"api":"csp_XBiubiu","searchable":0,"quickSearch":0,"filterable":0,"ext":"https://raw.liucn.cc/box/sub/MeowXB/斗鱼.json"},


{"key":"dr_l0l","name":"l0l┃DR","type":1,"api":"https://drpy.aqingyuan.repl.co/vod?rule=l0l","searchable":1,"quickSearch":1,"filterable":0},
{"key":"dr_vip","name":"vip┃DR","type":1,"api":"https://drpy.aqingyuan.repl.co/vod?rule=vip影院","searchable":1,"quickSearch":1,"filterable":0},
{"key":"dr_蓝莓","name":"蓝莓┃DR","type":1,"api":"https://drpy.aqingyuan.repl.co/vod?rule=蓝莓影视","searchable":1,"quickSearch":1,"filterable":0},
{"key":"dr_蓝光","name":"蓝光┃DR","type":1,"api":"https://drpy.aqingyuan.repl.co/vod?rule=蓝光影院","searchable":1,"quickSearch":1,"filterable":0},
{"key":"dr_AnF","name":"AnF┃DR","type":1,"api":"https://drpy.aqingyuan.repl.co/vod?rule=AnFuns","searchable":1,"quickSearch":1,"filterable":0},
{"key":"dr_喵喵","name":"喵喵┃DR","type":1,"api":"https://drpy.aqingyuan.repl.co/vod?rule=喵喵","searchable":1,"quickSearch":1,"filterable":0},
{"key":"dr_剧白白","name":"剧白白┃DR","type":1,"api":"https://drpy.aqingyuan.repl.co/vod?rule=剧白白","searchable":1,"quickSearch":1,"filterable":0},
{"key":"dr_库马伊","name":"库马伊┃DR","type":1,"api":"https://drpy.aqingyuan.repl.co/vod?rule=库马伊","searchable":1,"quickSearch":1,"filterable":0},
{"key":"dr_莫扎兔","name":"莫扎兔┃DR","type":1,"api":"https://drpy.aqingyuan.repl.co/vod?rule=莫扎兔","searchable":1,"quickSearch":1,"filterable":0},
{"key":"dr_兔小贝","name":"兔小贝┃DR","type":1,"api":"https://drpy.aqingyuan.repl.co/vod?rule=兔小贝","searchable":1,"quickSearch":1,"filterable":0},	

{"key":"csp_Bili","name":"哔哩合集","type": 3,"api": "csp_Bili","searchable": 1,"quickSearch": 1,"filterable": 1,"ext":"http://神器每日推送.tk/json/bilibili.json"},
{"key":"csp_Biliych","name":"看演唱会","type": 3,"api": "csp_Bili","searchable": 0,"quickSearch": 0,"filterable": 1,"ext":"http://神器每日推送.tk/json/Biliych.json"},

	
{"key": "csp_XYQBiu_影视工厂","name":"影视工厂(XYQ)","type":3,"api":"csp_XYQBiu","searchable":1,"quickSearch":1,"filterable":0,"ext":"https://www.gitclone.com/gogs/xibao/P/raw/master/xyq/影视工厂.json"},
{"key": "csp_XYQBiu_555影视","name":"555影视(XYQ)","type":3,"api":"csp_XYQBiu","searchable":1,"quickSearch":1,"filterable":0,"ext":"https://www.gitclone.com/gogs/xibao/P/raw/master/xyq/555影视.json"},
{"key": "csp_XYQBiu_剧荒","name": "剧荒(XYQ)","type": 3,"api": "csp_XYQBiu","searchable": 1,"quickSearch": 1,"filterable": 0,"ext": "https://www.gitclone.com/gogs/xibao/P/raw/master/xyq/剧荒.json"},
//{"key": "csp_XYQBiu_云雀视频","name":"云雀视频(XYQ)","type":3,"api":"csp_XYQBiu","searchable":1,"quickSearch":1,"filterable":1,"ext":"https://www.gitclone.com/gogs/xibao/P/raw/master/xyq/云雀视频(xyq).json"},
//{"key": "csp_XYQBiu_段友影视","name":"段友影视(XYQ)","type":3,"api":"csp_XYQBiu","searchable":1,"quickSearch":1,"filterable":1,"ext":"https://www.gitclone.com/gogs/xibao/P/raw/master/xyq/段友影视(xyq).json"},
//{"key": "csp_XYQBiu_鸭奈飞","name":"鸭奈飞(XYQ)","type":3,"api":"csp_XYQBiu","searchable":1,"quickSearch":1,"filterable":1,"ext":"https://www.gitclone.com/gogs/xibao/P/raw/master/xyq/鸭奈飞(xyq).json"},
 //开启筛选注意配置filterable要设置成1
{"key": "csp_XYQBiu_神马","name": "神马筛选(XYQ)","type": 3,"api": "csp_XYQBiu","searchable": 1,"quickSearch": 1,"filterable": 1,"ext": "https://www.gitclone.com/gogs/xibao/P/raw/master/xyq/神马筛选.json"},
{"key": "csp_XYQBiu_虎牙","name": "虎牙(XYQ)","type": 3,"api": "csp_XYQBiu","searchable": 0,"quickSearch": 0,"filterable": 0,"ext": "https://www.gitclone.com/gogs/xibao/P/raw/master/xyq/虎牙代理直链.json"},


//{"key":"csp_QXBiubiu_555电影","name":"555电影(QXB)","type":3,"api":"csp_QXBiubiu","searchable":1,"quickSearch":1,"filterable":0,"ext":"https://www.gitclone.com/gogs/xibao/P/raw/master/qxb/555电影.json"},
//{"key":"csp_QXBiubiu_影视工厂","name":"影视工厂(QXB)","type":3,"api":"csp_QXBiubiu","searchable":1,"quickSearch":1,"filterable":0,"ext":"https://www.gitclone.com/gogs/xibao/P/raw/master/qxb/影视工厂.json"},
//{"key":"csp_QXBiubiu_剧白白","name":"剧白白(QXB)","type":3,"api":"csp_QXBiubiu","searchable":1,"quickSearch":1,"filterable":1,"ext":"https://www.gitclone.com/gogs/xibao/P/raw/master/qxb/剧白白.json"},
//{"key":"csp_QXBiubiu_小强迷","name":"小强迷(QXB)","type":3,"api":"csp_QXBiubiu","searchable":1,"quickSearch":1,"filterable":1,"ext":"https://www.gitclone.com/gogs/xibao/P/raw/master/qxb/小强迷.json"},
//{"key":"csp_QXBiubiu_80S磁力","name":"80S磁力(外置MX播放器QXB)","type":3,"api":"csp_QXBiubiu","searchable":1,"quickSearch":1,"filterable":1,"ext":"https://www.gitclone.com/gogs/xibao/P/raw/master/qxb/80S磁力.json"},
//{"key":"csp_QXBiubiu_蚂蚁4K","name":"蚂蚁4K(QXB)️","type":3,"api":"csp_QXBiubiu","searchable":1,"quickSearch":1,"filterable":1,"ext":"https://www.gitclone.com/gogs/xibao/P/raw/master/qxb/蚂蚁4K.json"},
//{"key":"csp_QXBiubiu_歪片星球","name":"歪片星球(QXB)️","type":3,"api":"csp_QXBiubiu","searchable":1,"quickSearch":1,"filterable":1,"ext":"https://www.gitclone.com/gogs/xibao/P/raw/master/qxb/歪片星球.json"},
//{"key":"csp_QXBiubiu_600影视","name":"600影视(QXB)️","type":3,"api":"csp_QXBiubiu","searchable":1,"quickSearch":1,"filterable":1,"ext":"https://www.gitclone.com/gogs/xibao/P/raw/master/qxb/600影视.json"},


{"key":"csp_biubiu_gb4k磁力xb","name":"gb4k磁力","type":3,"api":"csp_XPath","searchable":1,"quickSearch":1,"filterable":0,"ext":"https://www.gitclone.com/gogs/xibao/P/raw/master/xp/gb4k磁力.json"},
{"key":"csp_biubiu_哔滴磁力xb","name":"哔滴磁力","type":3,"api":"csp_QXBiubiu","searchable":1,"quickSearch":1,"filterable":0,"ext":"https://www.gitclone.com/gogs/xibao/P/raw/master/xbcl/哔滴磁力.json","jar":"https://www.gitclone.com/gogs/xibao/P/raw/master/q/CLQXB.jar;md5;69A9EC01D37F1D17EDC5C171DC306B61"},	
{"key":"csp_xpath_biditdcl","name":"biditd(XPCL)","type":3,"api":"csp_XPath","searchable":1,"quickSearch":1,"filterable":1,"ext":"https://www.gitclone.com/gogs/xibao/P/raw/master/xbcl/biditdcl.json","jar":"https://www.gitclone.com/gogs/xibao/P/raw/master/q/CLQXB.jar;md5;69A9EC01D37F1D17EDC5C171DC306B61"},

{"key":"csp_biubiu_小强迷xb","name":"小强迷","type":3,"api":"csp_XBiubiu","searchable":1,"quickSearch":1,"filterable":0,"ext":"https://www.gitclone.com/gogs/xibao/P/raw/master/xbf/小强迷.json","jar":"https://www.gitclone.com/gogs/xibao/P/raw/master/jar/xbf_0902.jar;md5;FE8FFD671C9D68A33011616AE1870674"},	
{"key":"csp_biubiu_555xb","name":"555电影(XBF)","type":3,"api":"csp_XBiubiu","searchable":1,"quickSearch":1,"filterable":0,"ext":"https://www.gitclone.com/gogs/xibao/P/raw/master/xbf/555.json","jar":"https://www.gitclone.com/gogs/xibao/P/raw/master/jar/xbf_0902.jar;md5;FE8FFD671C9D68A33011616AE1870674"},
{"key":"csp_biubiu_厂长资源(XBF)","name":"厂长资源(XBF)","type":3,"api":"csp_XBiubiu","searchable":1,"quickSearch":1,"filterable":0,"ext":"https://www.gitclone.com/gogs/xibao/P/raw/master/xbf/厂长资源(XBF).json","jar":"https://www.gitclone.com/gogs/xibao/P/raw/master/jar/xbf_0902.jar;md5;FE8FFD671C9D68A33011616AE1870674"},
{"key":"csp_biubiu_二个BT(XBF)","name":"二个BT(XBF)","type":3,"api":"csp_XBiubiu","searchable":1,"quickSearch":1,"filterable":0,"ext":"https://www.gitclone.com/gogs/xibao/P/raw/master/xbf/二个BT(XBF).json","jar":"https://www.gitclone.com/gogs/xibao/P/raw/master/jar/xbf_0902.jar;md5;FE8FFD671C9D68A33011616AE1870674"},   
{"key":"csp_biubiu_七小影院(XBF)","name":"七小影院(XBF)","type":3,"api":"csp_XBiubiu","searchable":1,"quickSearch":1,"filterable":0,"ext":"https://www.gitclone.com/gogs/xibao/P/raw/master/xbf/七小影院(XBF).json","jar":"https://www.gitclone.com/gogs/xibao/P/raw/master/jar/xbf_0902.jar;md5;FE8FFD671C9D68A33011616AE1870674"}, 

{"key":"csp_biubiu_4KV影院","name": "4KV影院(XB)","type":3,"api":"csp_XBiubiu","searchable":1,"quickSearch":1,"filterable":0,"ext":"https://www.gitclone.com/gogs/xibao/P/raw/master/xb/4KV影院.json"},
{"key": "csp_biubiu_23影院","name": "23影院(XB)","type": 3,"api": "csp_XBiubiu","searchable": 1,"quickSearch": 1,"filterable": 0,"ext": "https://www.gitclone.com/gogs/xibao/P/raw/master/xb2/23影院.json"},
{"key": "csp_biubiu_影视之光","name": "影视之光(XB)","type": 3,"api": "csp_XBiubiu","searchable": 1,"quickSearch": 1,"filterable": 0,"ext": "https://www.gitclone.com/gogs/xibao/P/raw/master/xb2/影视之光.json"},
{"key": "csp_biubiu_极品影视","name": "极品影视(XB)","type": 3,"api": "csp_XBiubiu","searchable": 1,"quickSearch": 1,"filterable": 0,"ext": "https://www.gitclone.com/gogs/xibao/P/raw/master/xb2/极品影视.json"},
{"key": "csp_biubiu_voflix","name": "voflix(XB)","type": 3,"api": "csp_XBiubiu","searchable": 1,"quickSearch": 1,"filterable": 0,"ext": "https://www.gitclone.com/gogs/xibao/P/raw/master/xb2/voflix.json"},
{"key": "csp_biubiu_hdmoli","name": "hdmoli","type": 3,"api": "csp_XBiubiu","searchable": 1,"quickSearch": 1,"filterable": 0,"ext": "https://www.gitclone.com/gogs/xibao/P/raw/master/xb2/hdmoli.json"},
{"key": "csp_biubiu_斗鱼","name": "斗鱼(XB)","type": 3,"api": "csp_XBiubiu","searchable": 1,"quickSearch": 1,"filterable": 0,"ext": "https://www.gitclone.com/gogs/xibao/P/raw/master/xb2/斗鱼.json"},
{"key":"csp_biubiu_瓜皮TV","name":"瓜皮TV(XB)","type":3,"api":"csp_XBiubiu","searchable":1,"quickSearch":1,"filterable":0,"ext":"https://www.gitclone.com/gogs/xibao/P/raw/master/xb2/瓜皮TV.json"},
{"key": "csp_biubiu_蓝莓影视","name": "蓝莓影视(XB)","type": 3,"api": "csp_XBiubiu","searchable": 1,"quickSearch": 1,"filterable": 0,"ext": "https://www.gitclone.com/gogs/xibao/P/raw/master/xb2/蓝莓影视.json"},
{"key":"csp_biubiu_剧白白","name": "剧白白(XB)","type":3,"api":"csp_XBiubiu","searchable":1,"quickSearch":1,"filterable":0,"ext":"https://www.gitclone.com/gogs/xibao/P/raw/master/xb2/剧白白-蓝光.json"},
{"key":"csp_biubiu_夜空蓝光","name": "夜空蓝光(XB)","type":3,"api":"csp_XBiubiu","searchable":1,"quickSearch":1,"filterable":0,"ext":"https://agit.ai/xibao/M/raw/branch/master/MaooXB2/夜空蓝光-蓝光.json"},
{"key":"csp_biubiu_达达龟","name": "达达龟(XB)","type":3,"api":"csp_XBiubiu","searchable":1,"quickSearch":1,"filterable":0,"ext":"https://www.gitclone.com/gogs/xibao/P/raw/master/xb2/达达龟.json"},
{"key": "csp_XBiubiubiubiu_lezhu","name": "乐猪(XB)","type": 3,"api": "csp_XBiubiu","searchable": 1,"quickSearch": 1,"filterable": 0,"ext": "https://www.gitclone.com/gogs/xibao/P/raw/master/xb2/乐猪影视.json"},
{"key": "csp_XBiubiubiubiu_ysgc","name": "影视工厂(XB)","type": 3,"api": "csp_XBiubiu","searchable": 1,"quickSearch": 1,"filterable": 0,"ext": "https://www.gitclone.com/gogs/xibao/P/raw/master/xb2/影视工厂.json"},
{"key": "csp_biubiu_555电影","name": "555(XB)","type": 3,"api": "csp_XBiubiu","searchable": 1,"quickSearch": 1,"filterable": 0,"ext": "https://www.gitclone.com/gogs/xibao/P/raw/master/xb2/555电影3.json"},
{"key": "csp_biubiu_橘子tv","name": "橘子TV(XB)","type": 3,"api": "csp_XBiubiu","searchable": 1,"quickSearch": 1,"filterable": 0,"ext": "https://www.gitclone.com/gogs/xibao/P/raw/master/xb/juzi.json"},   
{"key":"csp_biubiu_完美看看","name": "完美看看(XB)","type":3,"api":"csp_XBiubiu","searchable":1,"quickSearch":1,"filterable":0,"ext":"https://agit.ai/xibao/M/raw/branch/master/MaooXB2/完美看看影视.json"},   
{"key": "csp_biubiu_厂长资源","name": "厂长资源(XB)","type": 3,"api": "csp_XBiubiu","searchable": 1,"quickSearch": 1,"filterable": 0,"ext": "https://www.gitclone.com/gogs/xibao/P/raw/master/xb2/厂长资源-蓝光.json"},
{"key": "csp_biubiu_在线之家","name": "在线之家(XB)","type": 3,"api": "csp_XBiubiu","searchable": 1,"quickSearch": 1,"filterable": 0,"ext": "https://www.gitclone.com/gogs/xibao/P/raw/master/xb2/在线之家.json"},
{"key": "csp_XBiubiubiubiu_cokemv","name": "Cokemv(XB)","type": 3,"api": "csp_XBiubiu","searchable": 1,"quickSearch": 1,"filterable": 0,"ext": "https://www.gitclone.com/gogs/xibao/P/raw/master/xb2/COKEMV.json"},
{"key":"csp_biubiu_LIBVIO","name": "Libvio(XB)","type":3,"api":"csp_XBiubiu","searchable":1,"quickSearch":1,"filterable":0,"ext":"https://agit.ai/xibao/M/raw/branch/master/MaooXB2/LIBVIO.json"},
{"key": "csp_biubiu_饭团HD","name": "饭团HD(XB)","type": 3,"api": "csp_XBiubiu","searchable": 1,"quickSearch": 1,"filterable": 0,"ext": "https://www.gitclone.com/gogs/xibao/P/raw/master/xb/饭团hd.json"}, 
{"key":"csp_biubiu_口袋影院","name":"口袋影院(XB)","type":3,"api":"csp_XBiubiu","searchable":1,"quickSearch":1,"filterable":0,"ext":"https://www.gitclone.com/gogs/xibao/P/raw/master/xb2/口袋影院.json"},
{"key":"csp_biubiu_蓝光影院","name":"蓝光影院(XB)","type":3,"api":"csp_XBiubiu","searchable":1,"quickSearch":1,"filterable":0,"ext":"https://www.gitclone.com/gogs/xibao/P/raw/master/xb2/蓝光影院.json"},
{"key": "csp_biubiu_剧荒","name": "剧荒(XB)","type": 3,"api": "csp_XBiubiu","searchable": 1,"quickSearch": 1,"filterable": 0,"ext": "https://www.gitclone.com/gogs/xibao/P/raw/master/xb/juhuang2.json"},
{"key": "csp_biubiu_快猫","name": "快猫(XB)","type": 3,"api": "csp_XBiubiu","searchable": 1,"quickSearch": 1,"filterable": 0,"ext": "https://www.gitclone.com/gogs/xibao/P/raw/master/xb2/快猫.json"},

{"key":"影图","name":"影图(爬虫)","type":1,"api":"https://cj.vodimg.top/api.php/provide/vod/","searchable":1,"quickSearch":1},
{"key":"优众影视","name":"优众影视","type":3,"api":"csp_AppYs","searchable":1,"quickSearch":1,"filterable":1,"ext":"http://121.205.88.194:7878/xgapp.php/v2/"},
{"key":"csp_appysv2_M2_暖光影视","name":"暖光影视","type":3,"api":"csp_AppYsV2","searchable":1,"quickSearch":1,"filterable":1,"ext":"https://app.bl210.com/api.php/v1.vod"},
{"key":"多多资源","name":"多多资源(切)","type":1,"api":"https://www.ddzyz1.com/api.php/provide/vod/","searchable":1,"quickSearch":1},
{"key":"极速","name":"极速采集","type":1,"api":"https://www.ddzyz1.com/api.php/provide/vod/","searchable":1,"quickSearch":1,"filterable":0},
{"key":"易看资源","name":"易看资源(切)","type":1,"api":"https://api.yikanapi.com/api.php/provide/vod/","searchable":1,"quickSearch":1},
{"key":"pwd_ASMR","name":"ASMR(优)","type":1,"api":"http://www.asmr19.in/api.php/provide/vod/","searchable":0,"quickSearch":1},
{"key":"pwd_工厂资源","name":"工厂","type":0,"api":"https://jgczyapi.com/home/cjapi/kld2/mc10/vod/xml","searchable":0,"quickSearch":0}
],
//解析设置
"parses":[
{"name":"解析聚合","type":3,"url":"Demo"},
//{"name":"Json并发","type":2,"url":"Parallel"},
//{"name":"Json轮询","type":2,"url":"Sequence"},
	
{"name":"GGTV搜集","type":1,"url":"https://play.fuqizhishi.com/juhe/API.php?appkey=caijijuhe220902&url="},
{"name":"GGTV自用","type":1,"url":"https://play.fuqizhishi.com/jx/API.php?appkey=ixiaobai&url="},
{"name":"💋So丶","type":0,"url":" https://tljiaqing.nde.tw/m3u8/?url="},
{"name":"神1","type":1,"url":"http://newjiexi.gotka.top/keyu3.php?url=","ext":{"flag":["qq","腾讯","qiyi","爱奇艺","奇艺","youku","优酷","mgtv","芒果","letv","乐视","pptv","PPTV","sohu","bilibili","哔哩哔哩","哔哩"],"header":{"User-Agent":"okhttp/4.1.0"}}},
{"name":"神2","type":0,"url":"https://h5.freejson.xyz/player/?url=","ext":{"flag":[ "qq","腾讯","qiyi","爱奇艺","奇艺","youku","优酷","mgtv","芒果","letv","乐视","pptv","PPTV","sohu","bilibili","哔哩哔哩","哔哩"],"header":{"User-Agent":"okhttp/4.1.0"}}},
{"name":"神3","type":1,"url":"http://api.ckflv.cn/?url="},
{"name":"神4","type":0,"url":"https://freejx.rx88.top:1234/?url="},
{"name":"懒人","type": 1,"url": "http://120.53.102.254/jx1/jx75.php?url="},
{"name":"搬运","type":1,"url":"https://jx.bynote.top/API.php?url=","ext":{"flag":["qiyi","iqiyi","奇艺","爱奇艺","qq","腾讯","youku","优酷","pptv","PPTV","letv","乐视","bilibili","哔哩哔哩","哔哩","mgtv","芒果","xigua","西瓜","sohu","搜狐","cntv","cctv","央视","1905","m1905"]}},
{"name":"2080kk","type":1,"url":"https://v.2080kk.com/home/api?type=ys&uid=1308653&key=behnpstwxBCHJMQ029&url="},
{"name":"油果","type":1,"url":"http://json.youguo520.top/fufeng/?url=","ext":{"flag":["qiyi","iqiyi","奇艺","爱奇艺","qq","腾讯","youku","优酷","pptv","PPTV","letv","乐视","bilibili","哔哩哔哩","哔哩","mgtv","芒果","xigua","西瓜","sohu","搜狐","cntv","cctv","央视","1905","m1905"],"header":{"User-Agent":"Dart/2.14 (dart:io)"}}},
{"name":"tvjx","type":1,"url":"http://150.230.216.174/tvjx.php?url=","ext":{"flag":["qiyi","iqiyi","奇艺","爱奇艺","qq","腾讯","youku","优酷","pptv","PPTV","letv","乐视","bilibili","哔哩哔哩","哔哩","mgtv","芒果","xigua","西瓜","sohu","搜狐","cntv","cctv","央视","1905","m1905"],"header":{"User-Agent":"Dart/2.14 (dart:io)"}}},
{"name":"江湖","type":1,"url":"http://211.99.99.236:4567/jhjson/ceshi.php?url=","ext":{"flag":["qiyi","iqiyi","奇艺","爱奇艺","qq","腾讯","youku","优酷","pptv","PPTV","letv","乐视","bilibili","哔哩哔哩","哔哩","mgtv","芒果","xigua","西瓜","sohu","搜狐","cntv","cctv","央视","1905","m1905"]}},
{"name":"OKjx嗅探","type":0,"url":"https://okjx.cc/?url="},
{"name":"无名1","type":1,"url":"https://play.fositv.com/?url="}

],

"flags":["youku","qq","QQ","iqiyi","qiyi","letv","sohu","tudou","pptv","PPTV","mgtv","ltnb","rx","CL4K","xfyun","wuduzy","wasu","bilibili","renrenmi","xmm","xigua","m1905 ","funshion ","优酷","芒果","腾讯","爱奇艺","奇艺","哔哩哔哩","哔哩"],
"ijk":[{"group":"软解码","options":[{"category":4,"name":"opensles","value":"0"},{"category":4,"name":"overlay-format","value":"842225234"},{"category":4,"name":"framedrop","value":"1"},{"category":4,"name":"soundtouch","value":"1"},{"category":4,"name":"start-on-prepared","value":"1"},{"category":1,"name":"http-detect-range-support","value":"0"},{"category":1,"name":"fflags","value":"fastseek"},{"category":2,"name":"skip_loop_filter","value":"48"},{"category":4,"name":"reconnect","value":"1"},{"category":4,"name":"max-buffer-size","value":"5242880"},{"category":4,"name":"enable-accurate-seek","value":"0"},{"category":4,"name":"mediacodec","value":"0"},{"category":4,"name":"mediacodec-auto-rotate","value":"0"},{"category":4,"name":"mediacodec-handle-resolution-change","value":"0"},{"category":4,"name":"mediacodec-hevc","value":"0"},{"category":1,"name":"dns_cache_timeout","value":"600000000"}]},{"group":"硬解码","options":[{"category":4,"name":"opensles","value":"0"},{"category":4,"name":"overlay-format","value":"842225234"},{"category":4,"name":"framedrop","value":"1"},{"category":4,"name":"soundtouch","value":"1"},{"category":4,"name":"start-on-prepared","value":"1"},{"category":1,"name":"http-detect-range-support","value":"0"},{"category":1,"name":"fflags","value":"fastseek"},{"category":2,"name":"skip_loop_filter","value":"48"},{"category":4,"name":"reconnect","value":"1"},{"category":4,"name":"max-buffer-size","value":"5242880"},{"category":4,"name":"enable-accurate-seek","value":"0"},{"category":4,"name":"mediacodec","value":"1"},{"category":4,"name":"mediacodec-auto-rotate","value":"1"},{"category":4,"name":"mediacodec-handle-resolution-change","value":"1"},{"category":4,"name":"mediacodec-hevc","value":"1"},{"category":1,"name":"dns_cache_timeout","value":"600000000"}]}],
"ads":["https://lf1-cdn-tos.bytegoofy.com/obj/tos-cn-i-dy/455ccf9e8ae744378118e4bd289288dd","mimg.0c1q0l.cn","www.googletagmanager.com","www.google-analytics.com","mc.usihnbcq.cn","mg.g1mm3d.cn","mscs.svaeuzh.cn","cnzz.hhttm.top","tp.vinuxhome.com","cnzz.mmstat.com","www.baihuillq.com","s23.cnzz.com","z3.cnzz.com","c.cnzz.com","stj.v1vo.top","z12.cnzz.com","img.mosflower.cn","tips.gamevvip.com","ehwe.yhdtns.com","xdn.cqqc3.com","www.jixunkyy.cn","sp.chemacid.cn","hm.baidu.com","s9.cnzz.com","z6.cnzz.com","um.cavuc.com","mav.mavuz.com","wofwk.aoidf3.com","z5.cnzz.com","xc.hubeijieshikj.cn","tj.tianwenhu.com","xg.gars57.cn","k.jinxiuzhilv.com","cdn.bootcss.com","ppl.xunzhuo123.com","xomk.jiangjunmh.top","img.xunzhuo123.com","z1.cnzz.com","s13.cnzz.com","xg.huataisangao.cn","z7.cnzz.com","xg.huataisangao.cn","z2.cnzz.com","s96.cnzz.com","q11.cnzz.com","thy.dacedsfa.cn","xg.whsbpw.cn","s19.cnzz.com","z8.cnzz.com","s4.cnzz.com","f5w.as12df.top","ae01.alicdn.com","www.92424.cn","k.wudejia.com","vivovip.mmszxc.top","qiu.xixiqiu.com","cdnjs.hnfenxun.com","cms.qdwght.com"]
}