{

"spider":"https://gitcode.net/qq_33548980/m/-/raw/master/tk0926.jar;md5;e01c2398051effe96a171bbc61ae4814",
"wallpaper":"https://agit.ai/xibao/M/raw/branch/master/miao.jpeg",
"lives": [{"group": "redirect","channels": [{"name": "live","urls": ["proxy://do=live&type=txt&ext=aHR0cHM6Ly9hZ2l0LmFpL3hpYmFvL00vcmF3L2JyYW5jaC9tYXN0ZXIvbGl2ZS50eHQ="]}]}],

"sites":[


{"key":"csp_kuaikan","name":"快看","type":3,"api":"csp_Kuaikan","playerType":1,"searchable":1,"quickSearch":1,"filterable":1},
{"key":"csp_KanSJ","name":"看视界","api":"csp_KanSJ","type":3,"filterable":1,"quickSearch":1,"searchable":1},
{"key":"csp_GitCafe","name":"纸条(SP)","type":3,"api":"csp_Gitcafe","playerType":1,"searchable":1,"quickSearch":1,"filterable":1,"ext":"c3381f404d254005b4dc817f892f296e"},
{"key":"csp_AppTT","name":"tutu(SP)","type":3,"api":"csp_AppTT","playerType":1,"searchable":1,"quickSearch":1,"filterable":1},
{"key": "图图","name": "图图SP(SP)","type": 3,"api": "csp_AppTT","searchable": 1,"quickSearch": 1,"filterable": 1,"jar":"https://agit.ai/xibao/M/raw/branch/master/jar/ttjumaoxyb.jar"},
{"key":"Relax","name":"轻松","type":3,"api":"csp_RelaxSP","searchable":1,"quickSearch":1,"filterable":1,"playerType":2,"ext":"68747470733A2F2F792E7173617070323233332E6D65"},
{"key":"csp_Bttoo","name":"2BT(SP)","type":3,"api":"csp_Bttoo","searchable":1,"quickSearch":1,"filterable":1},
{"key":"csp_Lezhu","name":"乐猪(SP)","type":3,"api":"csp_Lezhu","searchable":1,"quickSearch":1,"filterable":1},
{"key":"csp_apple","name":"苹果(SP)","type":3,"api":"csp_LiteApple","playerType":1,"searchable":1,"quickSearch":1,"filterable":1},
{"key":"csp_Cokemv","name":"Cok(SP)","type":3,"api":"csp_Cokemv","playerType":1,"searchable":1,"quickSearch":1,"filterable":1},
{"key":"csp_Lib","name": "Lib(SP)","type": 3,"api": "csp_Lib","searchable": 1,"quickSearch": 1,"filterable": 1},
{"key":"csp_Auete","name":"Aue(SP)","type": 3,"api":"csp_Auete","searchable":1,"quickSearch":1,"filterable":1},	
{"key":"csp_Czsapp","name":"厂长(SP)","type":3,"api":"csp_Czsapp","searchable":1,"quickSearch":1,"filterable":1},
{"key":"csp_77","name":"77(SP)","type":3,"api":"csp_Kunyu77","searchable":1,"quickSearch":1,"filterable":1},	
{"key":"csp_555","name":"555","type":3,"api":"csp_Dy555","searchable":1,"quickSearch":1,"filterable":1},	
{"key":"csp_SP293","name":"293","type":3,"api":"csp_SP293","searchable":1,"quickSearch":1,"filterable":1},
{"key":"csp_NianYing","name":"NB","type":3,"api":"csp_Nianying","searchable":1,"quickSearch":1,"filterable":1},
{"key":"dr_drpy","name":"豆瓣片单","type":1,"api":"https://drpy.aqingyuan.repl.co/vod?rule=drpy","searchable":1,"quickSearch":1,"filterable":0},


{"key":"csp_Ddys" ,"name":"低(SP)","type":3,"api":"csp_Ddys","searchable":1,"quickSearch":1,"filterable":1,"jar":"https://gitcode.net/qq_33548980/m/-/raw/master/tutu.jar"},
{"key":"csp_DiDuan" ,"name":"️低端(SP)","type":3,"api":"csp_Ddrk","searchable":1,"quickSearch":1,"filterable":0,"jar":"https://gitcode.net/qq_33548980/m/-/raw/master/tutu.jar"},
{"key":"csp_Smdyy","name": "神马(SP)","type": 3,"api": "csp_Smdyy","searchable": 1,"quickSearch": 1,"filterable": 1},	
{"key":"csp_SP360","name":"360(SP)","type":3,"api":"csp_SP360","searchable":1,"quickSearch":1,"filterable":1},
{"key":"csp_Bd","name":"bidi(SP)","type":3,"api":"csp_Bdys01","searchable":1,"quickSearch":1,"filterable":1},
{"key":"csp_Wmkk","name":"完美(SP)","api":"csp_Wmkk","type":3,"filterable":1,"quickSearch":1,"searchable":1},
{"key":"csp_jihuang","name":"剧荒(SP)","type":3,"api":"csp_Juhuang","searchable":1,"quickSearch":1,"filterable":1},
{"key":"csp_ZJMiao","name":"追剧喵(SP)","type":3,"api":"csp_ZJMiao","searchable":1,"quickSearch":1,"filterable":1},
{"key":"csp_Mjxq","name":"美剧星球(SP)","type":3,"api":"csp_Mjxq","searchable":1,"quickSearch":1,"filterable":1},
{"key":"csp_Yj1211","name": "️网红直播(SP)","type": 3,"api": "csp_Yj1211","searchable": 1,"quickSearch": 1,"filterable": 1},
{"key":"csp_Anime1","name": "日本动漫(SP)","type": 3,"api": "csp_Anime1","searchable": 1,"quickSearch": 1,"filterable": 1},
{"key": "csp_xBPQ_极品影视","name": "极品影视","type": 3,"api": "csp_xBPQ","searchable": 1,"quickSearch": 1,"filterable": 0,"ext": "{\"免嗅\":\"1\",\"线路数组\": \"class=\\\"module-tab-item tab-item&&</div>\",\"线路标题\": \"<span>&&</span>\",\"播放标题\":\"<span>&&</span>\",\"播放数组\":\"class=\\\"module-play-list&&</div>\",\"分类url\":\"https://www.jpys.me/vodshow/{cateId}-{area}-{by}-{class}-{lang}-{letter}---{catePg}---{year}.html\",\"年份\":\"2000-2022\",\"筛选\":\"1\"}","jar":"https://gitcode.net/qq_33548980/m/-/raw/master/XBPQ.jar"},
{"key": "csp_xBPQ_皮皮泡影视","name": "皮皮泡影视","type": 3,"api": "csp_xBPQ","searchable": 1,"quickSearch": 1,"filterable": 0,"ext": "{\"免嗅\":\"0\",\"副标题\":\"class=\\\"pic-text text-right\\\">&&</span>\",\"导演\": \"导演：&&</div\",\"主演\": \"主演：&&</div\",\"播放标题\":\">&&<\",\"播放数组\":\"class=\\\"stui-content__playlist clearfix&&</ul>\",\"分类\":\"国产剧$13#电视剧$dianshiju#动漫$dongman#电影$dianying#综艺$zongyi#纪录片$jilupian\",\"分类url\":\"https://www.pipipao.com/vodshow/id/{cateId}/page/{catePg}.htmll\",\"年份\":\"2000-2022\",\"筛选\":\"0\"}","jar":"https://gitcode.net/qq_33548980/m/-/raw/master/XBPQ.jar"},
{"key": "csp_xBPQ_磁搜","name": "磁搜影视","type": 3,"api": "csp_xBPQ","searchable": 1,"quickSearch": 1,"filterable": 0,"ext": "{\"免嗅\":\"1\",\"播放标题\":\"span>&&<\",\"副标题\":\"class=\\\"module-item-note\\\">&&</div>\",\"线路数组\": \"class=\\\"module-tab-item tab-item&&</div>\",\"线路标题\": \"<span>&&</span>\",\"播放数组\":\"class=\\\"module-play-list&&</div>\",\"分类url\":\"https://cokemv.me/vodshow/{cateId}-{area}-{by}-{class}-{lang}----{catePg}---{year}.html\"}","jar":"https://gitcode.net/qq_33548980/m/-/raw/master/XBPQ.jar"},
{"key": "csp_xBPQ_干饭影视","name": "干饭影视","type": 3,"api": "csp_xBPQ","searchable": 1,"quickSearch": 1,"filterable": 0,"ext": "{\"免嗅\":\"1\",\"导演\": \"导演：&&</div\",\"主演\": \"主演：&&</div\",\"简介\": \"module-info-introduction-content&&</div>\",\"播放标题\":\">&&<\",\"播放数组\":\"class=\\\"stui-content__playlist&&</div>\",\"分类\":\"电视剧$2#动漫$4#电影$1#综艺$3#专题$5\",\"分类url\":\"https://www.gfysys1.com/vodshow/{cateId}--------{catePg}---.html\"}","jar":"https://gitcode.net/qq_33548980/m/-/raw/master/XBPQ.jar"},
{"key": "csp_xBPQ_黑洞影视","name": "黑影视","type": 3,"api": "csp_xBPQ","searchable": 1,"quickSearch": 1,"filterable": 0,"ext": "{\"免嗅\":\"0\",\"副标题\":\"class=\\\"hl-lc-1 remarks\\\">&&</span>\",\"导演\": \"导演：&&</div\",\"主演\": \"主演：&&</div\",\"简介\": \"简介：&&</li>\",\"播放标题\":\">&&<\",\"播放数组\":\"hl-list-wrap&&</div>\",\"分类\":\"电视剧$2#动漫$4#电影$1#综艺$3\",\"分类url\":\"https://www.nulltm.com/vodshow/{cateId}--------{catePg}---.html\",\"年份\":\"2000-2022\",\"筛选\":\"0\"}","jar":"https://gitcode.net/qq_33548980/m/-/raw/master/XBPQ.jar"},
{"key": "csp_xBPQ_app影视","name": "app影视","type": 3,"api": "csp_xBPQ","searchable": 1,"quickSearch": 1,"filterable": 0,"ext": "{\"免嗅\":\"1\",\"副标题\":\"class=\\\"pic-text text-right\\\">&&</span>\",\"导演\": \"导演：&&</div\",\"主演\": \"主演：&&</div\",\"简介\": \"简介：&&</li>\",\"播放标题\":\">&&<\",\"播放数组\":\"class=\\\"stui-content__playlist clearfix&&</ul>\",\"分类\":\"国产电视剧$13#电视剧$2#动漫$4#电影$1#综艺$3\",\"分类url\":\"https://app.movie/index.php/vod/type/id/{cateId}/page/{catePg}.html\",\"年份\":\"2000-2022\",\"筛选\":\"0\"}","jar":"https://gitcode.net/qq_33548980/m/-/raw/master/XBPQ.jar"},
{"key":"csp_xBPQ_changzhang","name":"changzhang","type":3,"api":"csp_xBPQ","searchable":1,"quiskSearch":1,"filterable":0,"ext":"clan://TVBox/MaooXB/changzhang.json"}, 
{"key": "csp_xBPQ_蓝光影视","name": "蓝光影视","type": 3,"api": "csp_xBPQ","searchable": 1,"quickSearch": 1,"filterable": 0,"ext": "{\"免嗅\":\"1\",\"播放标题\":\"span>&&<\",\"播放数组\":\"class=\\\"module-play-list&&</div>\",\"分类url\":\"https://www.lgyy.cc/vodtype/{cateId}/page/{catePg}---.html\"}","jar":"https://gitcode.net/qq_33548980/m/-/raw/master/XBPQ.jar"}, 
{"key": "csp_xBPQ_番茄","name": "番茄影视","type": 3,"api": "csp_xBPQ","searchable": 1,"quickSearch": 1,"filterable": 0,"ext": "{\"免嗅\":\"1\",\"播放标题\":\"span>&&<\",\"导演\": \"导演：&&</div\",\"主演\": \"主演：&&</div\",\"简介\": \"module-info-introduction-content&&</div>\",\"副标题\":\"class=\\\"hl-lc-1 remarks\\\">&&</span>\",\"播放标题\":\">&&<\",\"播放数组\":\"class=\\\"hl-plays-list&&</div>\",\"分类\":\"国产电视剧$13#剧电影$1#电视剧$2#综艺$3#动漫$4#纪录片$5\",\"分类url\":\"https://www.tjomet.com/vodshow/{cateId}{catelog}-{area}-{by}------{catePg}---{year}.html\"}","jar":"https://gitcode.net/qq_33548980/m/-/raw/master/XBPQ.jar"}, 
{"key": "csp_xBPQ_瓜皮TV","name": "瓜皮TV | xBPQ |","type": 3,"api": "csp_xBPQ","searchable": 1,"quickSearch": 1,"filterable": 0,"ext": "{\"免嗅\":\"1\",\"播放标题\":\"span>&&<\",\"播放数组\":\"class=\\\"module-play-list-content&&</div>\",\"分类\":\"电影$1#电视剧$2#综艺$3#动漫$4#少儿$20#纪录片$21\",\"分类url\":\"https://guapitv.xyz/list-{cateId}/page/{catePg}---.html\"}","jar":"https://gitcode.net/qq_33548980/m/-/raw/master/XBPQ.jar"}, 
{"key": "csp_xBPQ","name": "在线之家","type": 3,"api": "csp_xBPQ","searchable": 1,"quickSearch": 1,"filterable": 0,"ext": "{\"免嗅\":\"1\",\"播放标题\":\">&&<\",\"副标题\":\"class=\\\"pic-text text-right\\\">&&</span>\",\"线路数组\": \"class=\\\"stui-vodlist__head&&</div>\",\"线路标题\": \"<h3>&&</h3>\",\"播放数组\":\"class=\\\"stui-content__playlist&&</ul>\",\"分类\":\"电影$1#美剧$2#韩剧$3#日剧$4#泰剧$5#动漫$6\",\"分类url\":\"https://zxzj.vip/vodshow/{cateId}-{area}-------{catePg}---{year}.html\",\"筛选\":\"1\"}","jar":"https://gitcode.net/qq_33548980/m/-/raw/master/XBPQ.jar"}, 
//{"key": "csp_xBPQ_极品影视","name": "极品影视","type": 3,"api": "csp_xBPQ","searchable": 1,"quickSearch": 1,"filterable": 0,"ext": "{\"免嗅\":\"1\",\"线路数组\": \"class=\\\"module-tab-item tab-item&&</div>\",\"线路标题\": \"<span>&&</span>\",\"播放标题\":\"<span>&&</span>\",\"播放数组\":\"class=\\\"module-play-list&&</div>\",\"分类url\":\"https://www.jpys.me/vodshow/{cateId}-{area}-{by}-{class}-{lang}-{letter}---{catePg}---{year}.html\",\"年份\":\"2000-2022\",\"筛选\":\"1\"}","jar":"https://gitcode.net/qq_33548980/m/-/raw/master/XBPQ.jar"}, 
{"key": "csp_xBPQ_酷客影视","name": "酷客影视","type": 3,"api": "csp_xBPQ","searchable": 1,"quickSearch": 1,"filterable": 0,"ext": "{\"免嗅\":\"0\",\"副标题\":\"class=\\\"pic-text text-right\\\">&&</span>\",\"导演\": \"导演：&&</div\",\"主演\": \"主演：&&</div\",\"简介\": \"简介：&&</li>\",\"播放标题\":\">&&<\",\"播放数组\":\"class=\\\"stui-content__playlist clearfix&&</ul>\",\"分类\":\"电视剧$2#动漫$4#电影$1#综艺$3\",\"分类url\":\"http://www.2kuke.com/list/{cateId}_{catePg}.html\",\"年份\":\"2000-2022\",\"筛选\":\"0\"}","jar":"https://gitcode.net/qq_33548980/m/-/raw/master/XBPQ.jar"},
{"key": "csp_xBPQ_大米星球","name": "️大米星球","type": 3,"api": "csp_xBPQ","searchable": 1,"quickSearch": 1,"filterable": 0,"ext": "{\"免嗅\":\"1\",\"副标题\":\"class=\\\"module-item-note\\\">&&</div>\",\"线路数组\": \"class=\\\"module-tab-item tab-item&&</div>\",\"线路标题\": \"<span>&&</small>\",\"播放标题\":\"<span>&&</span>\",\"播放数组\":\"class=\\\"module-play-list&&</div>\",\"分类\":\"电影$20#电视剧$21#综艺$22#动漫$23\",\"分类url\":\"https://www.dmxq.me/vodshow/{cateId}--------{catePg}---.html\"}","jar":"https://gitcode.net/qq_33548980/m/-/raw/master/XBPQ.jar"},

{"key":"csp_xb_BTTWOO","name":"BTTWOO","type":3,"api":"csp_XBiu","searchable":1,"quickSearch":1,"filterable":0,"ext":"https://www.bttwo.tv/index.php/vod/show/id/{cateId}/page/{catePg}.html"},
{"key":"csp_xb_cokemv","name":"COKEMV","type":3,"api":"csp_XBiu","searchable":1,"quickSearch":1,"filterable":0,"ext":"https://cokemv.me/vodshow/{cateId}--------{catePg}---.html"},
{"key":"csp_xb_Voflix","name":"VOFLIX","type":3,"api":"csp_XBiu","searchable":1,"quickSearch":1,"filterable":0,"ext":"https://www.voflix.com/show/{cateId}--------{catePg}---.html"},
{"key":"csp_xb_LIBVIO","name":"LIBVIO","type":3,"api":"csp_XBiu","searchable":1,"quickSearch":1,"filterable":0,"ext":"https://libvio.me/type/{cateId}-{catePg}.html"},
{"key":"csp_xb_lezhu","name":"乐猪","type":3,"api":"csp_XBiu","searchable":1,"quickSearch":1,"filterable":0,"ext":" http://www.lezhutv.com/type/{cateId}-{catePg}.html"},
{"key":"csp_xb_ysgc","name":"影视工厂","type":3,"api":"csp_XBiu","searchable":1,"quickSearch":1,"filterable":0,"ext":"https://www.ysgc.fun/vodtype/{cateId}-{catePg}.html"},
{"key":"csp_xb_lgyy","name":"蓝光影院","type":3,"api":"csp_XBiu","searchable":1,"quickSearch":1,"filterable":0,"ext":"https://lgyy.tv/vodshow/{cateId}--------{catePg}---.html"},
{"key":"csp_xb_大米","name":"大米星球","type":3,"api":"csp_XBiu","searchable":1,"quickSearch":1,"filterable":0,"ext":"https://www.dmxq.fun/vodshow/{cateId}--------{catePg}---/pjax/YES.html"},
{"key":"csp_xb_在线","name":"在线之家","type":3,"api":"csp_XBiu","searchable":1,"quickSearch":1,"filterable":0,"ext":"https://zxzj.vip/list/{cateId}-{catePg}.html"},
{"key":"csp_xb_TVB电视","name":"TVB电视","type":3,"api":"csp_XBiu","searchable":1,"quickSearch":1,"filterable":0,"ext":"http://www.tvyb03.com/vod/type/id/{cateId}/page/{catePg}.html"},
{"key":"csp_xb_90视频","name":"90视频","type":3,"api":"csp_XBiu","searchable":1,"quickSearch":1,"filterable":0,"ext":"https://www.90r.cc/vodtype/{cateId}-{catePg}.html"},
{"key":"csp_xb_mozhatu","name":"莫扎兔","type":3,"api":"csp_XBiu","searchable":1,"quickSearch":1,"filterable":0,"ext":"https://www.mozhatu.com/index.php/vod/show/id/{cateId}/page/{catePg}.html"},
{"key":"csp_xb_鸭奈飞","name":"鸭奈飞","type":3,"api":"csp_XBiu","searchable":1,"quickSearch":1,"filterable":0,"ext":"https://yanetflix.com/vodshow/{cateId}--------{catePg}---.html"},
{"key":"csp_xb_dm84","name":"动漫巴士","type":3,"api":"csp_XBiu","searchable":1,"quickSearch":1,"filterable":0,"ext":"https://dm84.tv/list-{cateId}-{cXPatePg}.html"},
{"key":"csp_xb_555","name":"555电影","type":3,"api":"csp_XBiu","searchable":1,"quickSearch":1,"filterable":0,"ext":"https://www.555dy.me/vodshow/{cateId}--------{catePg}---.html"},





{"key": "py_czspp","name": "厂长","type": 3,"api": "py_czspp","searchable": 1,"quickSearch": 1,"filterable": 1,"ext": "https://gitcode.net/qq_33548980/m/-/raw/master/py/py_czspp.py"}, 
{"key": "py_zxzj","name": "在线之家","type": 3,"api": "py_zxzj","searchable": 1,"quickSearch": 1,"filterable": 1,"ext": "https://gitcode.net/qq_33548980/m/-/raw/master/py/py_zxzj.py"}, 
{"key": "py_555dy","name": "555影视","type": 3,"api": "py_555dy","searchable": 1,"quickSearch": 1,"filterable": 1,"ext": "https://gitcode.net/qq_33548980/m/-/raw/master/py/py_555dy.py"}, 
{"key": "py_jubaibai","name": "剧白白","type": 3,"api": "py_jubaibai","searchable": 1,"quickSearch": 1,"filterable": 1,"ext": "https://gitcode.net/qq_33548980/m/-/raw/master/py/py_jubaibai.py"}, 
{"key": "py_voflix","name": "Voflix","type": 3,"api": "py_voflix","searchable": 1,"quickSearch": 1,"filterable": 1,"ext": "https://gitcode.net/qq_33548980/m/-/raw/master/py/py_voflix.py"},
{"key": "py_bilimd","name": "B站影视","type": 3,"api": "py_bilimd","searchable": 1,"quickSearch": 1,"filterable": 1,"ext": "https://gitcode.net/qq_33548980/m/-/raw/master/py/py_bilimd.py"},
{"key": "py_gimytv","name": "剧迷","type": 3,"api": "py_gimytv","searchable": 1,"quickSearch": 1,"filterable": 1,"ext": "https://gitcode.net/qq_33548980/m/-/raw/master/py/py_gimytv.py"},
{"key": "py_genmov","name": "跟剧","type": 3,"api": "py_genmov","searchable": 1,"quickSearch": 1,"filterable": 1,"ext": "https://gitcode.net/qq_33548980/m/-/raw/master/py/py_genmov.py"},
{"key": "py_cokemv","name": "COKE","type": 3,"api": "py_cokemv","searchable": 1,"quickSearch": 1,"filterable": 1,"ext": "https://gitcode.net/qq_33548980/m/-/raw/master/py/py_cokemv.py"},
{"key": "py_xmaomi","name": "猫咪","type": 3,"api": "py_xmaomi","searchable": 1,"quickSearch": 1,"filterable": 1,"ext": "https://gitcode.net/qq_33548980/m/-/raw/master/py/py_xmaomi.py"},
{"key": "py_kuaikan","name": "快看","type": 3,"api": "py_kuaikan","searchable": 1,"quickSearch": 1,"filterable": 1,"ext": "https://gitcode.net/qq_33548980/m/-/raw/master/py/py_kuaikan.py"},
{"key": "py_kuyun77","name": "77","type": 3,"api": "py_kuyun77","searchable": 1,"quickSearch": 1,"filterable": 1,"ext": "https://gitcode.net/qq_33548980/m/-/raw/master/py/py_kuyun77.py"},
{"key": "py_huya","name": "虎牙","type": 3,"api": "py_huya","searchable": 0,"quickSearch": 0,"filterable": 1,"ext": "https://gitcode.net/qq_33548980/m/-/raw/master/py/py_huya.py"}, 
{"key": "py_douyu","name": "斗鱼","type": 3,"api": "py_douyu","searchable": 0,"quickSearch": 0,"filterable": 1,"ext": "https://gitcode.net/qq_33548980/m/-/raw/master/py/py_douyu.py"},
{"key": "py_bilibili","name": "哔哩","type": 3,"api": "py_bilibili","searchable": 0,"quickSearch": 0,"filterable": 1,"ext": "https://gitcode.net/qq_33548980/m/-/raw/master/py/py_bilibili.py"},
{"key": "py_bilivd","name": "bilivd","type": 3,"api": "py_bilivd","searchable": 0,"quickSearch": 0,"filterable": 0,"ext": "https://gitcode.net/qq_33548980/m/-/raw/master/py/py_bilivd.py"},
{"key": "py_cctv","name": "央视","type": 3,"api": "py_cctv","searchable": 0,"quickSearch": 0,"filterable": 1,"ext": "https://gitcode.net/qq_33548980/m/-/raw/master/py/py_cctv.py"}, 
{"key": "py_yiso.py","name": "易搜","type": 3,"api": "py_yiso.py","searchable": 0,"quickSearch": 0,"filterable": 1,"ext": "https://gitcode.net/qq_33548980/m/-/raw/master/py/py_yiso.py"},
{"key": "py_zhaozy","name": "找资源","type": 3,"api": "py_zhaozy","searchable": 1,"quickSearch": 1,"filterable": 0,"ext": "https://gitcode.net/qq_33548980/m/-/raw/master/py/py_zhaozy.py"}, 
{"key": "py_pansou","name": "盘搜","type": 3,"api": "py_pansou","searchable": 1,"quickSearch": 1,"filterable": 0,"ext": "https://gitcode.net/qq_33548980/m/-/raw/master/py/py_pansou.py"}, 
{"key": "push_agent","name": "阿里推送","type": 3,"api": "py_ali","searchable": 0,"quickSearch": 0,"filterable": 0,"ext": "https://gitcode.net/qq_33548980/m/-/raw/master/py/py_ali.py"},




	
{"key":"dr_l0l","name":"l0l","type":1,"api":"https://drpy.aqingyuan.repl.co/vod?rule=l0l","searchable":1,"quickSearch":1,"filterable":0},
{"key":"dr_555","name":"555","type":1,"api":"https://drpy.aqingyuan.repl.co/vod?rule=555影视","searchable":1,"quickSearch":1,"filterable":0},
{"key":"dr_007","name":"007","type":1,"api":"https://drpy.aqingyuan.repl.co/vod?rule=007影视","searchable":1,"quickSearch":1,"filterable":0},
{"key":"dr_蓝光","name":"蓝光","type":1,"api":"https://drpy.justmiss.repl.co/vod?rule=蓝光影院","searchable":1,"quickSearch":1,"filterable":0},
{"key":"dr_人人","name":"人人","type":1,"api":"https://drpy.justmiss.repl.co/vod?rule=人人影视","searchable":1,"quickSearch":1,"filterable":0},
{"key":"dr_喵喵","name":"喵喵","type":1,"api":"https://drpy.justmiss.repl.co/vod?rule=喵喵","searchable":1,"quickSearch":1,"filterable":0},
{"key":"dr_剧白白","name":"剧白白","type":1,"api":"https://drpy.aqingyuan.repl.co/vod?rule=剧白白","searchable":1,"quickSearch":1,"filterable":0},
{"key":"dr_库马伊","name":"库马伊","type":1,"api":"https://drpy.aqingyuan.repl.co/vod?rule=库马伊","searchable":1,"quickSearch":1,"filterable":0},
{"key":"dr_鸭奈飞","name":"鸭奈飞","type":1,"api":"https://drpy.justmiss.repl.co/vod?rule=鸭奈飞","searchable":1,"quickSearch":1,"filterable":0},
{"key":"dr_兔小贝","name":"兔小贝","type":1,"api":"https://drpy.justmiss.repl.co/vod?rule=兔小贝","searchable":1,"quickSearch":1,"filterable":0},
	
{"key": "T4","name": "豆瓣荐片(T4桉)","type": 4,"api": "https://t4.secan.icu/vod?sites=all&timeout=7","searchable": 1,"quickSearch": 1,"filterable": 1},

{"key":"csp_Alist1","name":"Alist网盘","type":3,"api":"csp_Alist","searchable":0,"quickSearch":0,"filterable":0,"ext":"http://神器每日推送.tk/json/alist.json"},	
{"key":"csp_bendi","name":"本地视频","type":3,"api":"csp_LocalFile","searchable":0,"quickSearch":0,"filterable":0,"type_flag":1},

{"key":"Upyunso","name":"Up云(搜索)","type":3,"api":"csp_Upyunso","playerType":1,"searchable":1,"quickSearch":1,"filterable":0,"ext":"c3381f404d254005b4dc817f892f296e"},
{"key":"Yisou","name":"易搜(搜索)","type":3,"api":"csp_Yiso","playerType":1,"searchable":1,"quickSearch":1,"filterable":0,"ext":"c3381f404d254005b4dc817f892f296e"},
{"key":"Alips","name":"喵搜(搜索)","type":3,"api":"csp_AliPS","playerType":1,"searchable":1,"quickSearch":1,"filterable":0,"ext":"c3381f404d254005b4dc817f892f296e"},
{"key":"Zhaozy","name":"找资源(搜索)","type":3,"api":"csp_Zhaozy","playerType":1,"searchable":1,"quickSearch":1,"filterable":0,"ext":"c3381f404d254005b4dc817f892f296e"},
{"key":"push_agent","name":"推送(云盘/磁力)","type":3,"api":"csp_PushAgent","playerType":1,"searchable":0,"quickSearch":0,"filterable":0,"ext":"c3381f404d254005b4dc817f892f296e"},

{"key": "csp_XYQBiu_凌云影视韩国","name":"凌云影视韩国(XYQ)","type":3,"api":"csp_XYQBiu","searchable":1,"quickSearch":1,"filterable":1,"ext":"https://agit.ai/xibao/M/raw/branch/master/XYQ/凌云影视韩国.json"},
{"key": "csp_XYQBiu_99e","name":"99e(XYQ)","type":3,"api":"csp_XYQBiu","searchable":1,"quickSearch":1,"filterable":1,"ext":"https://agit.ai/xibao/M/raw/branch/master/XYQ/99e(xyq).json"},
{"key": "csp_XYQBiu_23影院","name":"23影院(XYQ)","type":3,"api":"csp_XYQBiu","searchable":1,"quickSearch":1,"filterable":1,"ext":"https://agit.ai/xibao/M/raw/branch/master/XYQ/23影院.json"},
{"key": "csp_XYQBiu_迷你库","name":"迷你库(XYQ)","type":3,"api":"csp_XYQBiu","searchable":1,"quickSearch":1,"filterable":0,"ext":"https://agit.ai/xibao/M/raw/branch/master/XYQ/miniku.json"},
{"key": "csp_XYQBiu_凌云影视","name":"凌云影视(XYQ)","type":3,"api":"csp_XYQBiu","searchable":1,"quickSearch":1,"filterable":1,"ext":"https://agit.ai/xibao/M/raw/branch/master/XYQ/lyys(xyq).json"},
{"key": "csp_XYQBiu_万能影视","name":"万能影视(XYQ)","type":3,"api":"csp_XYQBiu","searchable":1,"quickSearch":1,"filterable":0,"ext":"https://agit.ai/xibao/M/raw/branch/master/XYQ/wnys(xyq).json"},
{"key": "csp_XYQBiu_影视工厂","name":"影视工厂(XYQ)","type":3,"api":"csp_XYQBiu","searchable":1,"quickSearch":1,"filterable":0,"ext":"https://agit.ai/xibao/M/raw/branch/master/XYQ/影视工厂.json"},
{"key": "csp_XYQBiu_555影视","name":"555影视(XYQ)","type":3,"api":"csp_XYQBiu","searchable":1,"quickSearch":1,"filterable":0,"ext":"https://agit.ai/xibao/M/raw/branch/master/XYQ/555影视.json"},
{"key": "csp_XYQBiu_剧荒","name": "剧荒(XYQ)","type": 3,"api": "csp_XYQBiu","searchable": 1,"quickSearch": 1,"filterable": 0,"ext": "https://agit.ai/xibao/M/raw/branch/master/XYQ/剧荒.json"},
{"key": "csp_XYQBiu_云雀视频","name":"云雀视频(XYQ)","type":3,"api":"csp_XYQBiu","searchable":1,"quickSearch":1,"filterable":1,"ext":"https://agit.ai/xibao/M/raw/branch/master/XYQ/云雀视频(xyq).json"},
{"key": "csp_XYQBiu_段友影视","name":"段友影视(XYQ)","type":3,"api":"csp_XYQBiu","searchable":1,"quickSearch":1,"filterable":1,"ext":"https://agit.ai/xibao/M/raw/branch/master/XYQ/段友影视(xyq).json"},
{"key": "csp_XYQBiu_鸭奈飞","name":"鸭奈飞(XYQ)","type":3,"api":"csp_XYQBiu","searchable":1,"quickSearch":1,"filterable":1,"ext":"https://agit.ai/xibao/M/raw/branch/master/XYQ/鸭奈飞(xyq).json"},
 //开启筛选注意配置filterable要设置成1
{"key": "csp_XYQBiu_神马","name": "神马筛选(XYQ)","type": 3,"api": "csp_XYQBiu","searchable": 1,"quickSearch": 1,"filterable": 1,"ext": "https://agit.ai/xibao/M/raw/branch/master/XYQ/神马筛选.json"},
{"key": "csp_XYQBiu_虎牙","name": "虎牙(XYQ)","type": 3,"api": "csp_XYQBiu","searchable": 0,"quickSearch": 0,"filterable": 0,"ext": "https://agit.ai/xibao/M/raw/branch/master/XYQ/虎牙代理直链.json"},


{"key":"csp_QXBiubiu_555电影","name":"555电影(QXB)","type":3,"api":"csp_QXBiubiu","searchable":1,"quickSearch":1,"filterable":0,"ext":"https://agit.ai/xibao/M/raw/branch/master/QXB/555电影.json"},
{"key":"csp_QXBiubiu_影视工厂","name":"影视工厂(QXB)","type":3,"api":"csp_QXBiubiu","searchable":1,"quickSearch":1,"filterable":0,"ext":"https://agit.ai/xibao/M/raw/branch/master/QXB/影视工厂.json"},
{"key":"csp_QXBiubiu_剧白白","name":"剧白白(QXB)","type":3,"api":"csp_QXBiubiu","searchable":1,"quickSearch":1,"filterable":1,"ext":"https://agit.ai/xibao/M/raw/branch/master/QXB/剧白白.json"},
{"key":"csp_QXBiubiu_小强迷","name":"小强迷(QXB)","type":3,"api":"csp_QXBiubiu","searchable":1,"quickSearch":1,"filterable":1,"ext":"https://agit.ai/xibao/M/raw/branch/master/QXB/小强迷.json"},
{"key":"csp_QXBiubiu_80S磁力","name":"80S磁力(外置MX播放器QXB)","type":3,"api":"csp_QXBiubiu","searchable":1,"quickSearch":1,"filterable":1,"ext":"https://agit.ai/xibao/M/raw/branch/master/QXB/80S磁力.json"},
{"key":"csp_QXBiubiu_蚂蚁4K","name":"蚂蚁4K(QXB)️","type":3,"api":"csp_QXBiubiu","searchable":1,"quickSearch":1,"filterable":1,"ext":"https://agit.ai/xibao/M/raw/branch/master/QXB/蚂蚁4K.json"},
{"key":"csp_QXBiubiu_歪片星球","name":"歪片星球(QXB)️","type":3,"api":"csp_QXBiubiu","searchable":1,"quickSearch":1,"filterable":1,"ext":"https://agit.ai/xibao/M/raw/branch/master/QXB/歪片星球.json"},
{"key":"csp_QXBiubiu_600影视","name":"600影视(QXB)️","type":3,"api":"csp_QXBiubiu","searchable":1,"quickSearch":1,"filterable":1,"ext":"https://agit.ai/xibao/M/raw/branch/master/QXB/600影视.json"},


{"key":"csp_biubiu_gb4k磁力xb","name":"gb4k磁力","type":3,"api":"csp_XPath","searchable":1,"quickSearch":1,"filterable":0,"ext":"https://agit.ai/xibao/M/raw/branch/master/MaooXP/gb4k磁力.json"},
{"key":"csp_biubiu_哔滴磁力xb","name":"哔滴磁力","type":3,"api":"csp_QXBiubiu","searchable":1,"quickSearch":1,"filterable":0,"ext":"https://agit.ai/xibao/M/src/branch/master/XBCL/哔滴磁力.json","jar":"https://agit.ai/xibao/M/raw/branch/master/Q/CLQXB.jar;md5;7fdac76cb81031613e148c5f2d50a55d"},	
{"key":"csp_xpath_biditdcl","name":"biditd(XPCL)","type":3,"api":"csp_XPath","searchable":1,"quickSearch":1,"filterable":1,"ext":"https://agit.ai/xibao/M/src/branch/master/XBCL/biditdcl.json","jar":"https://agit.ai/xibao/M/raw/branch/master/Q/CLQXB.jar;md5;7fdac76cb81031613e148c5f2d50a55d"},

{"key":"csp_biubiu_小强迷xb","name":"小强迷","type":3,"api":"csp_XBiubiu","searchable":1,"quickSearch":1,"filterable":0,"ext":"https://agit.ai/xibao/M/raw/branch/master/XBF/小强迷.json","jar":"https://agit.ai/xibao/M/raw/branch/master/jar/xbf_0902.jar;md5;0F9E6167184B73060692F7C0DBF16305"},	
{"key":"csp_biubiu_555xb","name":"555电影(XBF)","type":3,"api":"csp_XBiubiu","searchable":1,"quickSearch":1,"filterable":0,"ext":"https://agit.ai/xibao/M/raw/branch/master/XBF/555.json","jar":"https://agit.ai/xibao/M/raw/branch/master/jar/xbf_0902.jar;md5;0F9E6167184B73060692F7C0DBF16305"},
{"key":"csp_biubiu_厂长资源(XBF)","name":"厂长资源(XBF)","type":3,"api":"csp_XBiubiu","searchable":1,"quickSearch":1,"filterable":0,"ext":"https://agit.ai/xibao/M/raw/branch/master/XBF/厂长资源(XBF).json","jar":"https://agit.ai/xibao/M/raw/branch/master/jar/xbf_0902.jar;md5;0F9E6167184B73060692F7C0DBF16305"},
{"key":"csp_biubiu_二个BT(XBF)","name":"二个BT(XBF)","type":3,"api":"csp_XBiubiu","searchable":1,"quickSearch":1,"filterable":0,"ext":"https://agit.ai/xibao/M/raw/branch/master/XBF/二个BT(XBF).json","jar":"https://agit.ai/xibao/M/raw/branch/master/jar/xbf_0902.jar;md5;0F9E6167184B73060692F7C0DBF16305"},   
{"key":"csp_biubiu_七小影院(XBF)","name":"七小影院(XBF)","type":3,"api":"csp_XBiubiu","searchable":1,"quickSearch":1,"filterable":0,"ext":"https://agit.ai/xibao/M/raw/branch/master/XBF/七小影院(XBF).json","jar":"https://agit.ai/xibao/M/raw/branch/master/jar/xbf_0902.jar;md5;0F9E6167184B73060692F7C0DBF16305"}, 

{"key":"csp_biubiu_4KV影院","name": "4KV影院(XB)","type":3,"api":"csp_XBiubiu","searchable":1,"quickSearch":1,"filterable":0,"ext":"https://agit.ai/xibao/M/raw/branch/master/MaooXB/4KV影院.json"},
{"key": "csp_biubiu_23影院","name": "23影院(XB)","type": 3,"api": "csp_XBiubiu","searchable": 1,"quickSearch": 1,"filterable": 0,"ext": "https://agit.ai/xibao/M/raw/branch/master/MaooXB2/23影院.json"},
{"key": "csp_biubiu_影视之光","name": "影视之光(XB)","type": 3,"api": "csp_XBiubiu","searchable": 1,"quickSearch": 1,"filterable": 0,"ext": "https://agit.ai/xibao/M/raw/branch/master/MaooXB2/影视之光.json"},
{"key": "csp_biubiu_极品影视","name": "极品影视(XB)","type": 3,"api": "csp_XBiubiu","searchable": 1,"quickSearch": 1,"filterable": 0,"ext": "https://agit.ai/xibao/M/raw/branch/master/MaooXB2/极品影视.json"},
{"key": "csp_biubiu_voflix","name": "voflix(XB)","type": 3,"api": "csp_XBiubiu","searchable": 1,"quickSearch": 1,"filterable": 0,"ext": "https://agit.ai/xibao/M/raw/branch/master/MaooXB2/voflix.json"},
{"key": "csp_biubiu_hdmoli","name": "hdmoli","type": 3,"api": "csp_XBiubiu","searchable": 1,"quickSearch": 1,"filterable": 0,"ext": "https://agit.ai/xibao/M/raw/branch/master/MaooXB2/hdmoli.json"},
{"key": "csp_biubiu_斗鱼","name": "斗鱼(XB)","type": 3,"api": "csp_XBiubiu","searchable": 1,"quickSearch": 1,"filterable": 0,"ext": "https://agit.ai/xibao/M/raw/branch/master/MaooXB2/斗鱼.json"},
{"key":"csp_biubiu_瓜皮TV","name":"瓜皮TV(XB)","type":3,"api":"csp_XBiubiu","searchable":1,"quickSearch":1,"filterable":0,"ext":"https://agit.ai/xibao/M/raw/branch/master/MaooXB2/瓜皮TV.json"},
{"key": "csp_biubiu_蓝莓影视","name": "蓝莓影视(XB)","type": 3,"api": "csp_XBiubiu","searchable": 1,"quickSearch": 1,"filterable": 0,"ext": "https://agit.ai/xibao/M/raw/branch/master/MaooXB2/蓝莓影视.json"},
{"key":"csp_biubiu_剧白白","name": "剧白白(XB)","type":3,"api":"csp_XBiubiu","searchable":1,"quickSearch":1,"filterable":0,"ext":"https://agit.ai/xibao/M/raw/branch/master/MaooXB2/剧白白-蓝光.json"},
{"key":"csp_biubiu_夜空蓝光","name": "夜空蓝光(XB)","type":3,"api":"csp_XBiubiu","searchable":1,"quickSearch":1,"filterable":0,"ext":"https://agit.ai/xibao/M/raw/branch/master/MaooXB2/夜空蓝光-蓝光.json"},
{"key":"csp_biubiu_达达龟","name": "达达龟(XB)","type":3,"api":"csp_XBiubiu","searchable":1,"quickSearch":1,"filterable":0,"ext":"https://agit.ai/xibao/M/raw/branch/master/MaooXB2/达达龟.json"},
{"key": "csp_XBiubiubiubiu_lezhu","name": "乐猪(XB)","type": 3,"api": "csp_XBiubiu","searchable": 1,"quickSearch": 1,"filterable": 0,"ext": "https://agit.ai/xibao/M/raw/branch/master/MaooXB2/乐猪影视.json"},
{"key": "csp_XBiubiubiubiu_ysgc","name": "影视工厂(XB)","type": 3,"api": "csp_XBiubiu","searchable": 1,"quickSearch": 1,"filterable": 0,"ext": "https://agit.ai/xibao/M/raw/branch/master/MaooXB2/影视工厂.json"},
{"key": "csp_biubiu_555电影","name": "555(XB)","type": 3,"api": "csp_XBiubiu","searchable": 1,"quickSearch": 1,"filterable": 0,"ext": "https://agit.ai/xibao/M/raw/branch/master/MaooXB2/555电影3.json"},
{"key": "csp_biubiu_橘子tv","name": "橘子TV(XB)","type": 3,"api": "csp_XBiubiu","searchable": 1,"quickSearch": 1,"filterable": 0,"ext": "https://agit.ai/xibao/M/raw/branch/master/MaooXB/juzi.json"},   
{"key":"csp_biubiu_完美看看","name": "完美看看(XB)","type":3,"api":"csp_XBiubiu","searchable":1,"quickSearch":1,"filterable":0,"ext":"https://agit.ai/xibao/M/raw/branch/master/MaooXB2/完美看看影视.json"},   
{"key": "csp_biubiu_厂长资源","name": "厂长资源(XB)","type": 3,"api": "csp_XBiubiu","searchable": 1,"quickSearch": 1,"filterable": 0,"ext": "https://agit.ai/xibao/M/raw/branch/master/MaooXB2/厂长资源-蓝光.json"},
{"key": "csp_biubiu_在线之家","name": "在线之家(XB)","type": 3,"api": "csp_XBiubiu","searchable": 1,"quickSearch": 1,"filterable": 0,"ext": "https://agit.ai/xibao/M/raw/branch/master/MaooXB2/在线之家.json"},
{"key": "csp_XBiubiubiubiu_cokemv","name": "Cokemv(XB)","type": 3,"api": "csp_XBiubiu","searchable": 1,"quickSearch": 1,"filterable": 0,"ext": "https://agit.ai/xibao/M/raw/branch/master/MaooXB2/COKEMV.json"},
{"key":"csp_biubiu_LIBVIO","name": "Libvio(XB)","type":3,"api":"csp_XBiubiu","searchable":1,"quickSearch":1,"filterable":0,"ext":"https://agit.ai/xibao/M/raw/branch/master/MaooXB2/LIBVIO.json"},
{"key": "csp_biubiu_饭团HD","name": "饭团HD(XB)","type": 3,"api": "csp_XBiubiu","searchable": 1,"quickSearch": 1,"filterable": 0,"ext": "https://agit.ai/xibao/M/raw/branch/master/MaooXB/饭团hd.json"}, 
{"key":"csp_biubiu_口袋影院","name":"口袋影院(XB)","type":3,"api":"csp_XBiubiu","searchable":1,"quickSearch":1,"filterable":0,"ext":"https://agit.ai/xibao/M/raw/branch/master/MaooXB2/口袋影院.json"},
{"key":"csp_biubiu_蓝光影院","name":"蓝光影院(XB)","type":3,"api":"csp_XBiubiu","searchable":1,"quickSearch":1,"filterable":0,"ext":"https://agit.ai/xibao/M/raw/branch/master/MaooXB2/蓝光影院.json"},
{"key": "csp_biubiu_剧荒","name": "剧荒(XB)","type": 3,"api": "csp_XBiubiu","searchable": 1,"quickSearch": 1,"filterable": 0,"ext": "https://agit.ai/xibao/M/raw/branch/master/MaooXB/juhuang2.json","jar":"https://agit.ai/xibao/M/raw/branch/master/jar/biubiu0819.jar;md5;765a30750aad60fd0ab00a15d2a21a01"},
{"key": "csp_biubiu_快猫","name": "快猫(XB)","type": 3,"api": "csp_XBiubiu","searchable": 1,"quickSearch": 1,"filterable": 0,"ext": "https://agit.ai/xibao/M/raw/branch/master/MaooXB2/快猫.json"},

{"key":"影图","name":"影图(爬虫)","type":1,"api":"https://cj.vodimg.top/api.php/provide/vod/","searchable":1,"quickSearch":1},
{"key":"优众影视","name":"优众影视","type":3,"api":"csp_AppYs","searchable":1,"quickSearch":1,"filterable":1,"ext":"http://121.205.88.194:7878/xgapp.php/v2/"},
{"key":"csp_appysv2_M2_暖光影视","name":"暖光影视","type":3,"api":"csp_AppYsV2","searchable":1,"quickSearch":1,"filterable":1,"ext":"https://app.bl210.com/api.php/v1.vod"},
{"key":"多多资源","name":"多多资源(切)","type":1,"api":"https://www.ddzyz1.com/api.php/provide/vod/","searchable":1,"quickSearch":1},
{"key":"极速","name":"极速采集","type":1,"api":"https://www.ddzyz1.com/api.php/provide/vod/","searchable":1,"quickSearch":1,"filterable":0},
{"key":"易看资源","name":"易看资源(切)","type":1,"api":"https://api.yikanapi.com/api.php/provide/vod/","searchable":1,"quickSearch":1},
{"key":"pwd_ASMR","name":"ASMR(优)","type":1,"api":"http://www.asmr19.in/api.php/provide/vod/","searchable":0,"quickSearch":1},
{"key":"pwd_工厂资源","name":"工厂","type":0,"api":"https://jgczyapi.com/home/cjapi/kld2/mc10/vod/xml","searchable":0,"quickSearch":0}
],
//解析设置
"parses":[
{"name":"解析聚合","type":3,"url":"Demo"},
//{"name":"Json并发","type":2,"url":"Parallel"},
//{"name":"Json轮询","type":2,"url":"Sequence"},
	
//{"name":"GGTV搜集","type":1,"url":"https://play.fuqizhishi.com/juhe/API.php?appkey=caijijuhe220902&url="},
{"name":"GGTV自用","type":1,"url":"https://play.fuqizhishi.com/jx/API.php?appkey=xiaobaiiiii&url="},
{"name":"神1","type":1,"url":"http://newjiexi.gotka.top/keyu3.php?url=","ext":{"flag":["qq","腾讯","qiyi","爱奇艺","奇艺","youku","优酷","mgtv","芒果","letv","乐视","pptv","PPTV","sohu","bilibili","哔哩哔哩","哔哩"],"header":{"User-Agent":"okhttp/4.1.0"}}},
{"name":"神2","type":0,"url":"https://h5.freejson.xyz/player/?url=","ext":{"flag":[ "qq","腾讯","qiyi","爱奇艺","奇艺","youku","优酷","mgtv","芒果","letv","乐视","pptv","PPTV","sohu","bilibili","哔哩哔哩","哔哩"],"header":{"User-Agent":"okhttp/4.1.0"}}},
{"name":"懒人","type": 1,"url": "http://120.53.102.254/jx1/jx75.php?url="},
{"name":"搬运","type":1,"url":"https://jx.bynote.top/API.php?url=","ext":{"flag":["qiyi","iqiyi","奇艺","爱奇艺","qq","腾讯","youku","优酷","pptv","PPTV","letv","乐视","bilibili","哔哩哔哩","哔哩","mgtv","芒果","xigua","西瓜","sohu","搜狐","cntv","cctv","央视","1905","m1905"]}},
{"name":"2080kk","type":1,"url":"https://v.2080kk.com/home/api?type=ys&uid=1308653&key=behnpstwxBCHJMQ029&url="},
{"name":"油果","type":1,"url":"http://json.youguo520.top/fufeng/?url=","ext":{"flag":["qiyi","iqiyi","奇艺","爱奇艺","qq","腾讯","youku","优酷","pptv","PPTV","letv","乐视","bilibili","哔哩哔哩","哔哩","mgtv","芒果","xigua","西瓜","sohu","搜狐","cntv","cctv","央视","1905","m1905"],"header":{"User-Agent":"Dart/2.14 (dart:io)"}}},
{"name":"tvjx","type":1,"url":"http://150.230.216.174/tvjx.php?url=","ext":{"flag":["qiyi","iqiyi","奇艺","爱奇艺","qq","腾讯","youku","优酷","pptv","PPTV","letv","乐视","bilibili","哔哩哔哩","哔哩","mgtv","芒果","xigua","西瓜","sohu","搜狐","cntv","cctv","央视","1905","m1905"],"header":{"User-Agent":"Dart/2.14 (dart:io)"}}},
{"name":"江湖","type":1,"url":"http://211.99.99.236:4567/jhjson/ceshi.php?url=","ext":{"flag":["qiyi","iqiyi","奇艺","爱奇艺","qq","腾讯","youku","优酷","pptv","PPTV","letv","乐视","bilibili","哔哩哔哩","哔哩","mgtv","芒果","xigua","西瓜","sohu","搜狐","cntv","cctv","央视","1905","m1905"]}},
{"name":"OKjx嗅探","type":0,"url":"https://okjx.cc/?url="},
{"name":"不知名1","type":1,"url":"http://api.ckflv.cn/?url="},
{"name":"不知名2","type":0,"url":"https://freejx.rx88.top:1234/?url="},
{"name":"不知名3","type":1,"url":"https://play.fositv.com/?url="}

],

"flags":["youku","qq","QQ","iqiyi","qiyi","letv","sohu","tudou","pptv","PPTV","mgtv","ltnb","rx","CL4K","xfyun","wuduzy","wasu","bilibili","renrenmi","xmm","xigua","m1905 ","funshion ","优酷","芒果","腾讯","爱奇艺","奇艺","哔哩哔哩","哔哩"],
"ijk":[{"group":"软解码","options":[{"category":4,"name":"opensles","value":"0"},{"category":4,"name":"overlay-format","value":"842225234"},{"category":4,"name":"framedrop","value":"1"},{"category":4,"name":"soundtouch","value":"1"},{"category":4,"name":"start-on-prepared","value":"1"},{"category":1,"name":"http-detect-range-support","value":"0"},{"category":1,"name":"fflags","value":"fastseek"},{"category":2,"name":"skip_loop_filter","value":"48"},{"category":4,"name":"reconnect","value":"1"},{"category":4,"name":"max-buffer-size","value":"5242880"},{"category":4,"name":"enable-accurate-seek","value":"0"},{"category":4,"name":"mediacodec","value":"0"},{"category":4,"name":"mediacodec-auto-rotate","value":"0"},{"category":4,"name":"mediacodec-handle-resolution-change","value":"0"},{"category":4,"name":"mediacodec-hevc","value":"0"},{"category":1,"name":"dns_cache_timeout","value":"600000000"}]},{"group":"硬解码","options":[{"category":4,"name":"opensles","value":"0"},{"category":4,"name":"overlay-format","value":"842225234"},{"category":4,"name":"framedrop","value":"1"},{"category":4,"name":"soundtouch","value":"1"},{"category":4,"name":"start-on-prepared","value":"1"},{"category":1,"name":"http-detect-range-support","value":"0"},{"category":1,"name":"fflags","value":"fastseek"},{"category":2,"name":"skip_loop_filter","value":"48"},{"category":4,"name":"reconnect","value":"1"},{"category":4,"name":"max-buffer-size","value":"5242880"},{"category":4,"name":"enable-accurate-seek","value":"0"},{"category":4,"name":"mediacodec","value":"1"},{"category":4,"name":"mediacodec-auto-rotate","value":"1"},{"category":4,"name":"mediacodec-handle-resolution-change","value":"1"},{"category":4,"name":"mediacodec-hevc","value":"1"},{"category":1,"name":"dns_cache_timeout","value":"600000000"}]}],
"ads":["https://lf1-cdn-tos.bytegoofy.com/obj/tos-cn-i-dy/455ccf9e8ae744378118e4bd289288dd","mimg.0c1q0l.cn","www.googletagmanager.com","www.google-analytics.com","mc.usihnbcq.cn","mg.g1mm3d.cn","mscs.svaeuzh.cn","cnzz.hhttm.top","tp.vinuxhome.com","cnzz.mmstat.com","www.baihuillq.com","s23.cnzz.com","z3.cnzz.com","c.cnzz.com","stj.v1vo.top","z12.cnzz.com","img.mosflower.cn","tips.gamevvip.com","ehwe.yhdtns.com","xdn.cqqc3.com","www.jixunkyy.cn","sp.chemacid.cn","hm.baidu.com","s9.cnzz.com","z6.cnzz.com","um.cavuc.com","mav.mavuz.com","wofwk.aoidf3.com","z5.cnzz.com","xc.hubeijieshikj.cn","tj.tianwenhu.com","xg.gars57.cn","k.jinxiuzhilv.com","cdn.bootcss.com","ppl.xunzhuo123.com","xomk.jiangjunmh.top","img.xunzhuo123.com","z1.cnzz.com","s13.cnzz.com","xg.huataisangao.cn","z7.cnzz.com","xg.huataisangao.cn","z2.cnzz.com","s96.cnzz.com","q11.cnzz.com","thy.dacedsfa.cn","xg.whsbpw.cn","s19.cnzz.com","z8.cnzz.com","s4.cnzz.com","f5w.as12df.top","ae01.alicdn.com","www.92424.cn","k.wudejia.com","vivovip.mmszxc.top","qiu.xixiqiu.com","cdnjs.hnfenxun.com","cms.qdwght.com"]
}
