{
    "title": "云雀视频",
    "author": "灰太狼",
    "UserAgent":"(Windows NT 10.0; Win64; x64) AppleWebKit/537.36 (KHTML, like Gecko) Chrome/92.0.4515.107 Safari/537.36",
    "firstpage": "1",
    "class_url": "https://v.yunque.vip/index.php/vod/show/id/{cateId}/page/{catePg}.html",
   // "class_url": "https://v.yunque.vip/vodshow/{cateId}-{area}-{by}-{catelog}-{lang}----{catePg}---{year}.html",
    "class_name": "电影&电视剧&动漫&综艺",
    "class_value": "20&21&23&22",
    "filterdata":{
    "1": [
      {
        "key": "catelog",
        "name": "类型",
        "value": [
          { "n": "全部", "v": "" },
          { "n": "Netflix", "v": "Netflix" },
          { "n": "仙侠", "v": "仙侠" },
          { "n": "剧情", "v": "剧情" },
          { "n": "科幻", "v": "科幻" },
          { "n": "动作", "v": "动作" },
          { "n": "喜剧", "v": "喜剧" },
          { "n": "爱情", "v": "爱情" },
          { "n": "冒险", "v": "冒险" },
          { "n": "儿童", "v": "儿童" },
          { "n": "歌舞", "v": "歌舞" },
          { "n": "音乐", "v": "音乐" },
          { "n": "奇幻", "v": "奇幻" },
          { "n": "动画", "v": "动画" },
          { "n": "恐怖", "v": "恐怖" },
          { "n": "惊悚", "v": "惊悚" },
          { "n": "丧尸", "v": "丧尸" },
          { "n": "战争", "v": "战争" },
          { "n": "传记", "v": "传记" },
          { "n": "纪录", "v": "纪录" },
          { "n": "犯罪", "v": "犯罪" },
          { "n": "悬疑", "v": "悬疑" },
          { "n": "西部", "v": "西部" },
          { "n": "灾难", "v": "灾难" },
          { "n": "古装", "v": "古装" },
          { "n": "武侠", "v": "武侠" },
          { "n": "家庭", "v": "家庭" },
          { "n": "短片", "v": "短片" },
          { "n": "校园", "v": "校园" },
          { "n": "文艺", "v": "文艺" },
          { "n": "运动", "v": "运动" },
          { "n": "青春", "v": "青春" },
          { "n": "同性", "v": "同性" },
          { "n": "励志", "v": "励志" },
          { "n": "人性", "v": "人性" },
          { "n": "美食", "v": "美食" },
          { "n": "女性", "v": "女性" },
          { "n": "治愈", "v": "治愈" },
          { "n": "历史", "v": "历史" },
          { "n": "真人秀", "v": "真人秀" },
          { "n": "脱口秀", "v": "脱口秀" }
        ]
      },
      {
        "key": "area",
        "name": "地区",
        "value": [
          { "n": "全部", "v": "" },
          { "n": "大陆", "v": "大陆" },
          { "n": "香港", "v": "香港" },
          { "n": "台湾", "v": "台湾" },
          { "n": "美国", "v": "美国" },
          { "n": "日本", "v": "日本" },
          { "n": "韩国", "v": "韩国" },
          { "n": "英国", "v": "英国" },
          { "n": "法国", "v": "法国" },
          { "n": "德国", "v": "德国" },
          { "n": "印度", "v": "印度" },
          { "n": "泰国", "v": "泰国" },
          { "n": "丹麦", "v": "丹麦" },
          { "n": "瑞典", "v": "瑞典" },
          { "n": "巴西", "v": "巴西" },
          { "n": "加拿大", "v": "加拿大" },
          { "n": "俄罗斯", "v": "俄罗斯" },
          { "n": "意大利", "v": "意大利" },
          { "n": "比利时", "v": "比利时" },
          { "n": "爱尔兰", "v": "爱尔兰" },
          { "n": "西班牙", "v": "西班牙" },
          { "n": "澳大利亚", "v": "澳大利亚" }
        ]
      },
      {
        "key": "year",
        "name": "年份",
        "value": [
          { "n": "全部", "v": "" },
          { "n": "2022", "v": "2022" },
          { "n": "2021", "v": "2021" },
          { "n": "2020", "v": "2020" },
          { "n": "2019", "v": "2019" },
          { "n": "2018", "v": "2018" },
          { "n": "2017", "v": "2017" },
          { "n": "2016", "v": "2016" },
          { "n": "2015", "v": "2015" },
          { "n": "2014", "v": "2014" },
          { "n": "2013", "v": "2013" },
          { "n": "2012", "v": "2012" },
          { "n": "2011", "v": "2011" },
          { "n": "2010", "v": "2010" },
          { "n": "2009", "v": "2009" },
          { "n": "2008", "v": "2008" },
          { "n": "2007", "v": "2007" },
          { "n": "2006", "v": "2006" },
          { "n": "2005", "v": "2005" },
          { "n": "2004", "v": "2004" },
          { "n": "2003", "v": "2003" },
          { "n": "2002", "v": "2002" },
          { "n": "2001", "v": "2001" },
          { "n": "2000", "v": "2000" }
        ]
      },
      {
        "key": "lang",
        "name": "语言",
        "value": [
          { "n": "全部", "v": "" },
          { "n": "英语", "v": "英语" },
          { "n": "法语", "v": "法语" },
          { "n": "国语", "v": "国语" },
          { "n": "粤语", "v": "粤语" },
          { "n": "日语", "v": "日语" },
          { "n": "韩语", "v": "韩语" },
          { "n": "泰语", "v": "泰语" },
          { "n": "德语", "v": "德语" },
          { "n": "俄语", "v": "俄语" },
          { "n": "闽南语", "v": "闽南语" },
          { "n": "丹麦语", "v": "丹麦语" },
          { "n": "波兰语", "v": "波兰语" },
          { "n": "瑞典语", "v": "瑞典语" },
          { "n": "印地语", "v": "印地语" },
          { "n": "挪威语", "v": "挪威语" },
          { "n": "意大利语", "v": "意大利语" },
          { "n": "西班牙语", "v": "西班牙语" }
        ]
      },
      {
        "key": "by",
        "name": "排序",
        "value": [
          { "n": "时间", "v": "time" },
          { "n": "人气", "v": "hits" },
          { "n": "评分", "v": "score" }
        ]
      }
    ],
    "2": [
      {
        "key": "catelog",
        "name": "类型",
        "value": [
          { "n": "全部", "v": "" },
          { "n": "Netflix", "v": "Netflix" },
          { "n": "剧情", "v": "剧情" },
          { "n": "丧尸", "v": "丧尸" },
          { "n": "仙侠", "v": "仙侠" },
          { "n": "穿越", "v": "穿越" },
          { "n": "惊悚", "v": "惊悚" },
          { "n": "恐怖", "v": "恐怖" },
          { "n": "言情", "v": "言情" },
          { "n": "科幻", "v": "科幻" },
          { "n": "动作", "v": "动作" },
          { "n": "喜剧", "v": "喜剧" },
          { "n": "爱情", "v": "爱情" },
          { "n": "偶像", "v": "偶像" },
          { "n": "都市", "v": "都市" },
          { "n": "军旅", "v": "军旅" },
          { "n": "谍战", "v": "谍战" },
          { "n": "罪案", "v": "罪案" },
          { "n": "宫廷", "v": "宫廷" },
          { "n": "冒险", "v": "冒险" },
          { "n": "儿童", "v": "儿童" },
          { "n": "歌舞", "v": "歌舞" },
          { "n": "音乐", "v": "音乐" },
          { "n": "奇幻", "v": "奇幻" },
          { "n": "动画", "v": "动画" },
          { "n": "战争", "v": "战争" },
          { "n": "传记", "v": "传记" },
          { "n": "记录", "v": "记录" },
          { "n": "犯罪", "v": "犯罪" },
          { "n": "悬疑", "v": "悬疑" },
          { "n": "西部", "v": "西部" },
          { "n": "灾难", "v": "灾难" },
          { "n": "古装", "v": "古装" },
          { "n": "武侠", "v": "武侠" },
          { "n": "家庭", "v": "家庭" },
          { "n": "短片", "v": "短片" },
          { "n": "校园", "v": "校园" },
          { "n": "文艺", "v": "文艺" },
          { "n": "运动", "v": "运动" },
          { "n": "青春", "v": "青春" },
          { "n": "同性", "v": "同性" },
          { "n": "励志", "v": "励志" },
          { "n": "人性", "v": "人性" },
          { "n": "美食", "v": "美食" },
          { "n": "女性", "v": "女性" },
          { "n": "治愈", "v": "治愈" },
          { "n": "历史", "v": "历史" },
          { "n": "真人秀", "v": "真人秀" },
          { "n": "脱口秀", "v": "脱口秀" }
        ]
      },
      {
        "key": "area",
        "name": "地区",
        "value": [
          { "n": "全部", "v": "" },
          { "n": "大陆", "v": "大陆" },
          { "n": "香港", "v": "香港" },
          { "n": "韩国", "v": "韩国" },
          { "n": "美国", "v": "美国" },
          { "n": "日本", "v": "日本" },
          { "n": "法国", "v": "法国" },
          { "n": "英国", "v": "英国" },
          { "n": "德国", "v": "德国" },
          { "n": "台湾", "v": "台湾" },
          { "n": "泰国", "v": "泰国" },
          { "n": "印度", "v": "印度" },
          { "n": "其他", "v": "其他" }
        ]
      },
      {
        "key": "year",
        "name": "年份",
        "value": [
          { "n": "全部", "v": "" },
          { "n": "2022", "v": "2022" },
          { "n": "2021", "v": "2021" },
          { "n": "2020", "v": "2020" },
          { "n": "2019", "v": "2019" },
          { "n": "2018", "v": "2018" },
          { "n": "2017", "v": "2017" },
          { "n": "2016", "v": "2016" },
          { "n": "2015", "v": "2015" },
          { "n": "2014", "v": "2014" },
          { "n": "2013", "v": "2013" },
          { "n": "2012", "v": "2012" },
          { "n": "2011", "v": "2011" },
          { "n": "2010", "v": "2010" },
          { "n": "2009", "v": "2009" },
          { "n": "2008", "v": "2008" },
          { "n": "2007", "v": "2007" },
          { "n": "2006", "v": "2006" },
          { "n": "2005", "v": "2005" },
          { "n": "2004", "v": "2004" },
          { "n": "2003", "v": "2003" },
          { "n": "2002", "v": "2002" },
          { "n": "2001", "v": "2001" },
          { "n": "2000", "v": "2000" }
        ]
      },
      {
        "key": "by",
        "name": "排序",
        "value": [
          { "n": "时间", "v": "time" },
          { "n": "人气", "v": "hits" },
          { "n": "评分", "v": "score" }
        ]
      }
    ],
    "3": [
      {
        "key": "catelog",
        "name": "类型",
        "value": [
          { "n": "全部", "v": "" },
          { "n": "YouTube", "v": "YouTube" },
          { "n": "脱口秀", "v": "脱口秀" },
          { "n": "真人秀", "v": "真人秀" },
          { "n": "选秀", "v": "选秀" },
          { "n": "八卦", "v": "八卦" },
          { "n": "访谈", "v": "访谈" },
          { "n": "情感", "v": "情感" },
          { "n": "生活", "v": "生活" },
          { "n": "晚会", "v": "晚会" },
          { "n": "搞笑", "v": "搞笑" },
          { "n": "音乐", "v": "音乐" },
          { "n": "时尚", "v": "时尚" },
          { "n": "游戏", "v": "游戏" },
          { "n": "少儿", "v": "少儿" },
          { "n": "体育", "v": "体育" },
          { "n": "纪实", "v": "纪实" },
          { "n": "科教", "v": "科教" },
          { "n": "曲艺", "v": "曲艺" },
          { "n": "歌舞", "v": "歌舞" },
          { "n": "财经", "v": "财经" },
          { "n": "汽车", "v": "汽车" },
          { "n": "播报", "v": "播报" },
          { "n": "其他", "v": "其他" }
        ]
      },
      {
        "key": "area",
        "name": "地区",
        "value": [
          { "n": "全部", "v": "" },
          { "n": "大陆", "v": "大陆" },
          { "n": "韩国", "v": "韩国" },
          { "n": "香港", "v": "香港" },
          { "n": "台湾", "v": "台湾" },
          { "n": "美国", "v": "美国" },
          { "n": "其它", "v": "其它" }
        ]
      },
      {
        "key": "year",
        "name": "年份",
        "value": [
          { "n": "全部", "v": "" },
          { "n": "2022", "v": "2022" },
          { "n": "2021", "v": "2021" },
          { "n": "2020", "v": "2020" },
          { "n": "2019", "v": "2019" },
          { "n": "2018", "v": "2018" },
          { "n": "2017", "v": "2017" },
          { "n": "2016", "v": "2016" },
          { "n": "2015", "v": "2015" },
          { "n": "2014", "v": "2014" },
          { "n": "2013", "v": "2013" },
          { "n": "2012", "v": "2012" },
          { "n": "2011", "v": "2011" },
          { "n": "2010", "v": "2010" },
          { "n": "2009", "v": "2009" },
          { "n": "2008", "v": "2008" },
          { "n": "2007", "v": "2007" },
          { "n": "2006", "v": "2006" },
          { "n": "2005", "v": "2005" },
          { "n": "2004", "v": "2004" },
          { "n": "2003", "v": "2003" },
          { "n": "2002", "v": "2002" },
          { "n": "2001", "v": "2001" },
          { "n": "2000", "v": "2000" }
        ]
      },
      {
        "key": "lang",
        "name": "语言",
        "value": [
          { "n": "全部", "v": "" },
          { "n": "国语", "v": "国语" },
          { "n": "英语", "v": "英语" },
          { "n": "粤语", "v": "粤语" },
          { "n": "闽南语", "v": "闽南语" },
          { "n": "韩语", "v": "韩语" },
          { "n": "日语", "v": "日语" },
          { "n": "其它", "v": "其它" }
        ]
      },
      {
        "key": "by",
        "name": "排序",
        "value": [
          { "n": "时间", "v": "time" },
          { "n": "人气", "v": "hits" },
          { "n": "评分", "v": "score" }
        ]
      }
    ],
    "4": [
      {
        "key": "catelog",
        "name": "类型",
        "value": [
          { "n": "全部", "v": "" },
          { "n": "Netflix", "v": "Netflix" },
          { "n": "热血", "v": "热血" },
          { "n": "科幻", "v": "科幻" },
          { "n": "美少女", "v": "美少女" },
          { "n": "魔幻", "v": "魔幻" },
          { "n": "经典", "v": "经典" },
          { "n": "励志", "v": "励志" },
          { "n": "少儿", "v": "少儿" },
          { "n": "冒险", "v": "冒险" },
          { "n": "搞笑", "v": "搞笑" },
          { "n": "推理", "v": "推理" },
          { "n": "恋爱", "v": "恋爱" },
          { "n": "治愈", "v": "治愈" },
          { "n": "幻想", "v": "幻想" },
          { "n": "校园", "v": "校园" },
          { "n": "动物", "v": "动物" },
          { "n": "机战", "v": "机战" },
          { "n": "亲子", "v": "亲子" },
          { "n": "儿歌", "v": "儿歌" },
          { "n": "运动", "v": "运动" },
          { "n": "悬疑", "v": "悬疑" },
          { "n": "怪物", "v": "怪物" },
          { "n": "战争", "v": "战争" },
          { "n": "益智", "v": "益智" },
          { "n": "青春", "v": "青春" },
          { "n": "童话", "v": "童话" },
          { "n": "竞技", "v": "竞技" },
          { "n": "动作", "v": "动作" },
          { "n": "社会", "v": "社会" },
          { "n": "友情", "v": "友情" },
          { "n": "真人版", "v": "真人版" },
          { "n": "电影版", "v": "电影版" },
          { "n": "OVA版", "v": "OVA版" },
          { "n": "TV版", "v": "TV版" },
          { "n": "新番动画", "v": "新番动画" },
          { "n": "完结动画", "v": "完结动画" }
        ]
      },
      {
        "key": "area",
        "name": "地区",
        "value": [
          { "n": "全部", "v": "" },
          { "n": "大陆", "v": "大陆" },
          { "n": "日本", "v": "日本" },
          { "n": "欧美", "v": "欧美" },
          { "n": "其他", "v": "其他" }
        ]
      },
      {
        "key": "year",
        "name": "年份",
        "value": [
          { "n": "全部", "v": "" },
          { "n": "2022", "v": "2022" },
          { "n": "2021", "v": "2021" },
          { "n": "2020", "v": "2020" },
          { "n": "2019", "v": "2019" },
          { "n": "2018", "v": "2018" },
          { "n": "2017", "v": "2017" },
          { "n": "2016", "v": "2016" },
          { "n": "2015", "v": "2015" },
          { "n": "2014", "v": "2014" },
          { "n": "2013", "v": "2013" },
          { "n": "2012", "v": "2012" },
          { "n": "2011", "v": "2011" },
          { "n": "2010", "v": "2010" },
          { "n": "2009", "v": "2009" },
          { "n": "2008", "v": "2008" },
          { "n": "2007", "v": "2007" },
          { "n": "2006", "v": "2006" },
          { "n": "2005", "v": "2005" },
          { "n": "2004", "v": "2004" },
          { "n": "2003", "v": "2003" },
          { "n": "2002", "v": "2002" },
          { "n": "2001", "v": "2001" },
          { "n": "2000", "v": "2000" },
          { "n": "更早", "v": "更早" }
        ]
      },
      {
        "key": "lang",
        "name": "语言",
        "value": [
          { "n": "全部", "v": "" },
          { "n": "国语", "v": "国语" },
          { "n": "英语", "v": "英语" },
          { "n": "粤语", "v": "粤语" },
          { "n": "闽南语", "v": "闽南语" },
          { "n": "韩语", "v": "韩语" },
          { "n": "日语", "v": "日语" },
          { "n": "其它", "v": "其它" }
        ]
      },
      {
        "key": "by",
        "name": "排序",
        "value": [
          { "n": "时间", "v": "time" },
          { "n": "人气", "v": "hits" },
          { "n": "评分", "v": "score" }
        ]
      }
    ]
  },
    "cat_YN_twice": "1",
    "cat_twice_pre": "评分排序</a>",
    "cat_twice_suf": "class=\"footer",
    "cat_arr_pre": "<a",
    "cat_arr_suf": "<div class=\"module-poster",
    "cat_pic": "data-original=\"&&\"",
    "cat_title": "title=\"&&\"",
    "cat_subtitle": "module-item-note\">&&<",
    "cat_url": "href=\"&&\"",
    "cat_prefix": "https://v.yunque.vip",
    "cat_suffix": "",
    "search_url": "https://v.yunque.vip/index.php/vod/search/wd/{wd}.html",
    "search_mode": "0",
    "jsonpic": "pic",
    "jsonname": "name",
    "jsonid": "id",
    "jsonstitle":"",
    "sea_YN_twice": "",
    "sea_twice_pre": "",
    "sea_twice_suf": "",
    "sea_arr_pre": "",
    "sea_arr_suf": "",
    "sea_pic": "",
    "sea_title": "",
    "sea_url": "",
    "search_prefix": "https://v.yunque.vip/voddetail/",
    "search_suffix": ".html",
    "sea_subtitle": "",
    "force_play": "0",
    "play_prefix": "空",
    "play_suffix": "空",
    "play_header": "空",
    "proj_actor": "空",
    "proj_plot": "class=\"module-info-introduction-content&&</div>",
    "tab_YN_twice": "0",
    "tab_twice_pre": "",
    "tab_twice_suf": "",
    "tab_arr_pre": "<div class=\"module-tab-item tab-item",
    "tab_arr_suf": "</div>",
    "tab_title": "<span>&&</span>",
    "list_YN_twice": "0",
    "list_twice_pre": "空",
    "list_twice_suf": "空",
    "list_arr_pre": "class=\"module-play-list-content",
    "list_arr_suf": "</div>",
    "epi_YN_twice": "0",
    "epi_twice_pre": "空",
    "epi_twice_suf": "空",
    "epi_arr_pre": "<a",
    "epi_arr_suf": "/a>",
    "epi_title": "<span>&&<",
    "epi_url": "href=\"&&\"",
    "epiurl_prefix": "https://v.yunque.vip",
    "epiurl_suffix": "#slide{1}"    
}