{
    "title": "好恐怖",
    "author": "香雅情",
    "UserAgent":"",
    "firstpage": "1",
    "class_url": "https://www.haokongbu1.com/{cateId}/index_{catePg}.html[firstPage=https://www.haokongbu1.com/{cateId}/]",
    "class_name": "动作片&喜剧片&爱情片&科幻片&恐怖片&战争片&剧情片&记录片&动画片&高清&国产剧&港剧&台剧&日剧&韩剧&美剧&泰剧&海外剧&微电影&冷门电影&冷门电视剧",
    "class_value": "dongzuopian&xijupian&aiqingpian&kehuanpian&kongbupian&zhanzhengpian&juqingpian&m_jlp&donghuapian&gaoqing&guochanju&gangju&taiwanju&riju&hanju&oumeiju&taiguoju&haiwaiju&weidianying&lmmovie&lmtv",
    "filterdata":"",
    "cat_YN_twice": "1",
    "cat_twice_pre": "<div class=\"channel-content",
    "cat_twice_suf": "</ul>",
    "cat_arr_pre": "<li",
    "cat_arr_suf": "/li>",
    "cat_pic": "data-src=\"&&\"",
    "cat_title": "alt=\"&&\"",
    "cat_subtitle": "listtype\">&&<",
    "cat_url": "href=\"&&\"",
    "cat_prefix": "https://www.haokongbu1.com",
    "cat_suffix": "",
    "search_url": "https://s.haokongbu1.com/e/search/?show=title,ftitle,actor&keyboard={wd};post",
    "search_mode": "1",
    "jsonpic": "pic",
    "jsonname": "name",
    "jsonid": "id",
    "jsonstitle":"",
    "sea_YN_twice": "1",
    "sea_twice_pre": "<div class=\"index-area",
    "sea_twice_suf": "</ul",
    "sea_arr_pre": "<li",
    "sea_arr_suf": "/li>",
    "sea_pic": "src=\"&&\"",
    "sea_title": "class=\"name\">&&</span>",
    "sea_url": "href=\"&&\"",
    "search_prefix": "",
    "search_suffix": "",
    "sea_subtitle": "class=\"typeset\">&&</span>",
    "force_play": "0",
    "play_prefix": "空",
    "play_suffix": "空",
    "play_header": "空",
    "proj_actor": "class=\"actor\">&&</li>",
    "proj_plot": "class=\"introduction\">&&</",
    "tab_YN_twice": "1",
    "tab_twice_pre": "class=\"downhelp",
    "tab_twice_suf": "</div>",
    "tab_arr_pre": "<h2",
    "tab_arr_suf": "/h2>",
    "tab_title": ">&&<",
    "list_YN_twice": "0",
    "list_twice_pre": "空",
    "list_twice_suf": "空",
    "list_arr_pre": "class=\"downhelp",
    "list_arr_suf": "</ul>",
    "epi_YN_twice": "1",
    "epi_twice_pre": "class=\"baiduyunaddres",
    "epi_twice_suf": "</div>",
    "epi_arr_pre": "<a",
    "epi_arr_suf": "/a>",
    "epi_title": "rel=\"nofollow\">&&</a",
    "epi_url": "href=\"mag&&\"",
    "epiurl_prefix": "mag",
    "epiurl_suffix": ""
    }