{
    "title": "电影港磁力",
    "author": "香雅情",
    "UserAgent":"",
    "firstpage": "2",
    "class_url": "https://www.dygang.cc/{cateId}/index_{catePg}.htm[firstPage=https://www.dygang.cc/{cateId}/]",
    "class_name": "经典电影&国配电影&经典港片&电视剧",
    "class_value": "bd&gy&gp&dsj",
    "filterdata":"",
    "cat_YN_twice": "1",
    "cat_twice_pre": "class=\"item-title",
    "cat_twice_suf": "class=\"table-title ts",
    "cat_arr_pre": "class=\"border1",
    "cat_arr_suf": "class=\"classlinkclass",
    "cat_pic": "img src=\"&&\"",
    "cat_title": "alt=\"&&\"",
    "cat_subtitle": "<td>&&</td>",
    "cat_url": "href=\"&&\"",
    "cat_prefix": "https://www.dygang.cc",
    "cat_suffix": "",
//搜索部分
    "search_url": "https://www.ysgc.cc/vodsearch/{wd}-------------.html",
    "search_mode": "1",
    "jsonpic": "pic",
    "jsonname": "name",
    "jsonid": "id",
    "jsonstitle":"",
    "sea_YN_twice": "1",
    "sea_twice_pre": "class=\"myui-vodlist__media",
    "sea_twice_suf": "</ul",
    "sea_arr_pre": "class=\"thumb",
    "sea_arr_suf": "class=\"detail",
    "sea_pic": "data-original=\"&&\"",
    "sea_title": "title=\"&&\"",
    "sea_url": "href=\"&&\"",
    "search_prefix": "https://www.ysgc.cc",
    "search_suffix": "",
    "sea_subtitle": "text-right\">&&<",
//直接播放部分
    "force_play": "0",
    "play_prefix": "空",
    "play_suffix": "空",
    "play_header": "空",
//详情线路名部分
    "proj_actor": "◎演　员  && </p>",
    "proj_plot": "◎简　介<br />&&</p>",
    "tab_YN_twice": "0",
    "tab_twice_pre": "",
    "tab_twice_suf": "",
    "tab_arr_pre": "",
    "tab_arr_suf": "",
    "tab_title": "",
//播放部分
    "list_YN_twice": "0",
    "list_twice_pre": "空",
    "list_twice_suf": "空",
    "list_arr_pre": "<td bgcolor=",
    "list_arr_suf": "</td>",
    "epi_YN_twice": "0",
    "epi_twice_pre": "空",
    "epi_twice_suf": "空",
    "epi_arr_pre": "<a",
    "epi_arr_suf": "/a>",
    "epi_title": ">&&<",
    "epi_url": "href=\"mag&&\"",
    "epiurl_prefix": "mag",
    "epiurl_suffix": ""  
}