{
    "title": "鸭奈飞",
    "author": "聆听优美旋律",
    "UserAgent":"Mozilla/5.0 (iPhone; CPU iPhone OS 13_2_3 like Mac OS X) AppleWebKit/605.1.15 (KHTML, like Gecko) Version/13.0.3 Mobile/15E148 Safari/604.1",
    //是否开启获取首页数据，0关闭，1开启
    "homeContent":"0",
    //分类数据https://yanetflix.com/vodshow/{cateId}--------{catePg}---.html
    "firstpage": "1",
    "class_url": "https://yanetflix.com/vodshow/{cateId}--------{catePg}---.html[firstPage=第一页不含页码的链接]",
    "class_name": "电影&电视剧&综艺&动漫",
    "class_value": "dianying&lianxuju&zongyi&dongman",
    "filterdata":{},
    "cat_YN_twice": "1",
    "cat_twice_pre": "class=\"module-items",
    "cat_twice_suf": "id=\"page",
    "cat_arr_pre": "<a",
    "cat_arr_suf": "alt=\"",
    "cat_pic": "data-original=\"&&\"",
    "cat_title": "title=\"&&\"",
    "cat_subtitle": "",
    "cat_url": "href=\"&&\"",  
    "cat_prefix": "https://yanetflix.com",
    "cat_suffix": "", 
    //搜索链接，搜索关键字用{wd}表示，post请求的最后面加;post
    "search_url": "https://neets.cc/index.php/vod/search/page/1/wd/{wd}.html",
    "search_mode": "0",
    "jsonpic": "pic",
    "jsonname": "name",
    "jsonid": "id",
    "jsonstitle":"",
    "sea_YN_twice": "0",
    "sea_twice_pre": "空",
    "sea_twice_suf": "空",
    "sea_arr_pre": "空",
    "sea_arr_suf": "空",
    "sea_pic": "空",
    "sea_title": "空",
    "sea_url": "空",
    "search_prefix": "https://neets.cc",
    "search_suffix": "",
    "sea_subtitle": "",
    //片单链接是否直接播放，1是直接播放。
    "force_play": "0",
    "play_prefix": "https://live.52sf.ga/huya/",
    "play_suffix": "#isVideo=true#",
    "play_header": "authority$ku.peizq.online#Referer$https://play.peizq.online", 
    //演员简介数据
    "proj_actor": "target=\"_blank\">&&</a><span",
    "proj_plot": "&&",
    //线路名
    "tab_YN_twice": "0",
    "tab_twice_pre": "class=\"module-tab-title",
    "tab_twice_suf": "</div>",
    "tab_arr_pre": "class=\"module-tab-item tab-item",
    "tab_arr_suf": "</div>",
    "tab_title": "<span>&&</small>",
    //播放部分
    "list_YN_twice": "0",
    "list_twice_pre": "空",
    "list_twice_suf": "空",
    "list_arr_pre": "class=\"module-play-list\">",
    "list_arr_suf": "</div>",
    "epi_YN_twice": "0",
    "epi_twice_pre": "空",
    "epi_twice_suf": "空",
    "epi_arr_pre": "<a",
    "epi_arr_suf": "/a>",
    "epi_title": "<span>&&<",
    "epi_url": "href=\"&&\"",
    "epiurl_prefix": "https://yanetflix.com",
    "epiurl_suffix": "",
    "Anal_MacPlayer":"0"
}