{
	
"wallpaper": "https://agit.ai/xibao/M/raw/branch/master/miao.jpeg",
"spider": "https://gitcode.net/qq_33548980/m/-/raw/master/cs.jar;md5;B6ADC95D407AF5D5BBE7D936D1343122",
"lives": [{"group": "redirect","channels": [{"name": "live","urls": ["proxy://do=live&type=txt&ext=aHR0cHM6Ly94bi0tbTdyNDEyYWR2YjkyajIxc3Q2NWEudGsvdHYudHh0Cg=="]}]}],
"sites": [

{"key": "py_czspp","name": "厂长","type": 3,"api": "py_czspp","searchable": 1,"quickSearch": 1,"filterable": 1,"ext": "https://gitcode.net/qq_33548980/m/-/raw/master/py/py_czspp.py"}, 
{"key": "py_zxzj","name": "在线之家","type": 3,"api": "py_zxzj","searchable": 1,"quickSearch": 1,"filterable": 1,"ext": "https://gitcode.net/qq_33548980/m/-/raw/master/py/py_zxzj.py"}, 
{"key": "py_555dy","name": "555影视","type": 3,"api": "py_555dy","searchable": 1,"quickSearch": 1,"filterable": 1,"ext": "https://gitcode.net/qq_33548980/m/-/raw/master/py/py_555dy.py"}, 
{"key": "py_jubaibai","name": "剧白白","type": 3,"api": "py_jubaibai","searchable": 1,"quickSearch": 1,"filterable": 1,"ext": "https://gitcode.net/qq_33548980/m/-/raw/master/py/py_jubaibai.py"}, 
{"key": "py_voflix","name": "Voflix","type": 3,"api": "py_voflix","searchable": 1,"quickSearch": 1,"filterable": 1,"ext": "https://gitcode.net/qq_33548980/m/-/raw/master/py/py_voflix.py"},
{"key": "py_bilimd","name": "B站影视","type": 3,"api": "py_bilimd","searchable": 1,"quickSearch": 1,"filterable": 1,"ext": "https://gitcode.net/qq_33548980/m/-/raw/master/py/py_bilimd.py"},
{"key": "py_gimytv","name": "剧迷","type": 3,"api": "py_gimytv","searchable": 1,"quickSearch": 1,"filterable": 1,"ext": "https://gitcode.net/qq_33548980/m/-/raw/master/py/py_gimytv.py"},
{"key": "py_genmov","name": "跟剧","type": 3,"api": "py_genmov","searchable": 1,"quickSearch": 1,"filterable": 1,"ext": "https://gitcode.net/qq_33548980/m/-/raw/master/py/py_genmov.py"},
{"key": "py_cokemv","name": "COKE","type": 3,"api": "py_cokemv","searchable": 1,"quickSearch": 1,"filterable": 1,"ext": "https://gitcode.net/qq_33548980/m/-/raw/master/py/py_cokemv.py"},
{"key": "py_xmaomi","name": "猫咪","type": 3,"api": "py_xmaomi","searchable": 1,"quickSearch": 1,"filterable": 1,"ext": "https://gitcode.net/qq_33548980/m/-/raw/master/py/py_xmaomi.py"},
{"key": "py_kuaikan","name": "快看","type": 3,"api": "py_kuaikan","searchable": 1,"quickSearch": 1,"filterable": 1,"ext": "https://gitcode.net/qq_33548980/m/-/raw/master/py/py_kuaikan.py"},
{"key": "py_kuyun77","name": "77","type": 3,"api": "py_kuyun77","searchable": 1,"quickSearch": 1,"filterable": 1,"ext": "https://gitcode.net/qq_33548980/m/-/raw/master/py/py_kuyun77.py"},
{"key" : "py_lezhu","name" : "乐猪影视","type" : 3,"api" : "py_lezhu","searchable" : 1,"quickSearch" : 1,"filterable" : 1,"ext" : "https://gitcode.net/qq_33548980/m/-/raw/master/py/py_lezhu.py"},
{"key" : "py_3qu","name" : "快播影视","type" : 3,"api" : "py_3qu","searchable" : 0,"quickSearch" : 0,"filterable" : 1,"ext" : "https://gitcode.net/qq_33548980/m/-/raw/master/py/py_3qu.py"},
{"key" : "py_cyys","name" : "创艺影视","type" : 3,"api" : "py_cyys","searchable" : 0,"quickSearch" : 0,"filterable" : 1,"ext" : "https://gitcode.net/qq_33548980/m/-/raw/master/py/py_cyys.py"},
{"key" : "py_star","name" : "星光影视","type" : 3,"api" : "py_star","searchable" : 1,"quickSearch" : 1,"filterable" : 1,"ext" : "https://gitcode.net/qq_33548980/m/-/raw/master/py/py_star.py"},
{"key" : "py_cup","name" : "茶杯狐","type" : 3,"api" : "py_cup","searchable" : 1,"quickSearch" : 1,"filterable" : 1,"ext" : "https://gitcode.net/qq_33548980/m/-/raw/master/py/py_cyys.py"},
{"key": "py_huya","name": "虎牙","type": 3,"api": "py_huya","searchable": 0,"quickSearch": 0,"filterable": 1,"ext": "https://gitcode.net/qq_33548980/m/-/raw/master/py/py_huya.py"}, 
{"key": "py_douyu","name": "斗鱼","type": 3,"api": "py_douyu","searchable": 0,"quickSearch": 0,"filterable": 1,"ext": "https://gitcode.net/qq_33548980/m/-/raw/master/py/py_douyu.py"},
{"key": "py_bilibili","name": "哔哩","type": 3,"api": "py_bilibili","searchable": 0,"quickSearch": 0,"filterable": 1,"ext": "https://gitcode.net/qq_33548980/m/-/raw/master/py/py_bilibili.py"},
{"key": "py_bilivd","name": "bilivd","type": 3,"api": "py_bilivd","searchable": 0,"quickSearch": 0,"filterable": 0,"ext": "https://gitcode.net/qq_33548980/m/-/raw/master/py/py_bilivd.py"},
{"key": "py_cctv","name": "央视","type": 3,"api": "py_cctv","searchable": 0,"quickSearch": 0,"filterable": 1,"ext": "https://gitcode.net/qq_33548980/m/-/raw/master/py/py_cctv.py"}, 
{"key": "py_yiso.py","name": "易搜","type": 3,"api": "py_yiso.py","searchable": 0,"quickSearch": 0,"filterable": 1,"ext": "https://gitcode.net/qq_33548980/m/-/raw/master/py/py_yiso.py"},
{"key": "py_zhaozy","name": "找资源","type": 3,"api": "py_zhaozy","searchable": 1,"quickSearch": 1,"filterable": 0,"ext": "https://gitcode.net/qq_33548980/m/-/raw/master/py/py_zhaozy.py"}, 
{"key": "py_pansou","name": "盘搜","type": 3,"api": "py_pansou","searchable": 1,"quickSearch": 1,"filterable": 0,"ext": "https://gitcode.net/qq_33548980/m/-/raw/master/py/py_pansou.py"}, 
{"key": "push_agent","name": "阿里推送","type": 3,"api": "py_ali","searchable": 0,"quickSearch": 0,"filterable": 0,"ext": "https://gitcode.net/qq_33548980/m/-/raw/master/py/py_ali.py"},



{"key": "Lib","name": "Libvio(爬虫)","type": 3,"api": "csp_Lib","searchable": 1,"quickSearch": 1,"filterable": 1},
{"key": "Lezhu","name": "乐猪(爬虫)","api": "csp_Lezhu","type": 3,"filterable": 1,"quickSearch": 1,"searchable": 1},
{"key": "哔滴影视","name": "哔滴影视(爬虫)","type": 3,"api": "csp_Bdys01","searchable": 1,"quickSearch": 1,"filterable": 1},
{"key": "TT","name": "TT(爬虫)","api": "csp_AppTT","type": 3,"filterable": 1,"quickSearch": 1,"searchable": 1},
{"key": "神马影院","name": "神马(爬虫)","type": 3,"api": "csp_Smdyy","searchable": 1,"quickSearch": 1,"filterable": 1},
{"key": "看视界","name": "看视界(爬虫)","type": 3,"api": "csp_KanSJ","searchable": 1,"quickSearch": 1,"filterable": 1},
{"key": "厂长","name": "厂长(爬虫)","type":3,"api":"csp_Czsapp","searchable":1,"quickSearch":1,"filterable":1},
{"key": "追剧喵","name": "追剧喵(爬虫)","type": 3,"api": "csp_ZJMiao","searchable": 1,"quickSearch": 1,"filterable": 1},
{"key": "Bttoo","name": "Bttoo(爬虫)","api":"csp_Bttoo","type":3,"filterable":1,"quickSearch":1,"searchable":1},
{"key": "Kuaikan","name": "快看(爬虫)","type": 3,"api": "csp_Kuaikan","searchable": 1,"quickSearch": 1,"filterable": 1},
{"key": "爱看","name": "爱看(爬虫)","type": 3,"api": "csp_IKan","searchable": 1,"quickSearch": 1,"filterable": 1},
{"key": "555","name": "555(爬虫)","type": 3,"api": "csp_Dy555","searchable": 1,"quickSearch": 1,"filterable": 1},
{"key": "剧荒","name": "剧荒(爬虫)","type": 3,"api": "csp_Juhuang","searchable": 1,"quickSearch": 1,"filterable": 1},
{"key": "多多","name": "多多资源","type": 1,"api": "https://www.ddzyz1.com/api.php/provide/vod/","searchable": 1,"quickSearch": 1,"filterable": 1,"categories": ["国产剧","日韩剧","港台剧","欧美剧","综艺","动漫","动作片","科幻片","战争片","喜剧片","爱情片","恐怖片","剧情片"]},



{"key": "csp_XYQBiu_e9视频","name":"e9视频(XYQ)","type":3,"api":"csp_XYQBiu",
"searchable":1,"quickSearch":1,"filterable":1,"ext":"https://agit.ai/xibao/M/raw/branch/master/XYQ/e9视频.json"},
{"key": "csp_XYQBiu_凌云影视", "name": "凌云影视(XYQ)", "type":3, "api": "csp_XYQBiu", "searchable":1, "quickSearch":1, "filterable":0, "ext": "https://agit.ai/xibao/M/raw/branch/master/XYQ/凌云影视.json"},
{"key":"csp_xpath_UM", "name":"M影院", "type":3, "api":"csp_XPathMacFilter", "searchable":1, "quickSearch":1, "filterable":1, "ext":"https://agit.ai/xibao/M/raw/branch/master/XYQ/UM.json"},
{"key": "csp_XYQBiu_影视工厂","name":"影视工厂(XYQ)","type":3,"api":"csp_XYQBiu","searchable":1,"quickSearch":1,"filterable":0,"ext":"https://agit.ai/xibao/M/raw/branch/master/XYQ/影视工厂.json","jar":"https://agit.ai/xibao/M/raw/branch/master/XYQBiu_0907.jar;md5;c74a98057346921f8b79adc76db5b5b6"},
{"key": "csp_XYQBiu_555影视","name":"555影视(XYQ)","type":3,"api":"csp_XYQBiu","searchable":1,"quickSearch":1,"filterable":0,"ext":"https://agit.ai/xibao/M/raw/branch/master/XYQ/555影视.json","jar":"https://agit.ai/xibao/M/raw/branch/master/XS/XYQBiu_0828.jar;md5;737CE3783280F648754C43037D9A6D63"},
{"key": "csp_XYQBiu_剧荒","name": "剧荒(XYQ)","type": 3,"api": "csp_XYQBiu","searchable": 1,"quickSearch": 1,"filterable": 0,"ext": "https://agit.ai/xibao/M/raw/branch/master/XYQ/剧荒.json","jar":"https://agit.ai/xibao/M/raw/branch/master/XYQBiu_0907.jar;md5;c74a98057346921f8b79adc76db5b5b6"},
{"key": "歪片星球","name": "歪片星球(XYQ)","type": 3,"api": "csp_XYQBiu","searchable": 1,"quickSearch": 1,"filterable": 0,"ext": "https://agit.ai/xibao/M/raw/branch/master/XYQ/歪片星球.json","jar":"https://agit.ai/xibao/M/raw/branch/master/XYQBiu_0909.jar"},
//{"key": "csp_XYQBiu_大米星球","name":"大米星球(XYQ)","type":3,"api":"csp_XYQBiu","searchable":1,"quickSearch":1,"filterable":1,"ext":"hhttps://agit.ai/xibao/M/raw/branch/master/XYQ/大米星球.json","jar":"https://agit.ai/xibao/M/raw/branch/master/XYQBiu_0909.jar"},
{"key": "小猫咪(XYQ)","name": "小猫咪(XYQ)","type": 3,"api": "csp_XYQBiu","searchable": 1,"quickSearch": 1,"filterable": 0,"ext": "https://agit.ai/xibao/M/raw/branch/master/XYQ/小猫咪(XYQ).json","jar": "https://agit.ai/xibao/M/raw/branch/master/XYQBiu_0909.jar"}, 
{"key": "万能影院(XYQ)","name": "万能影院(XYQ)","type": 3,"api": "csp_XYQBiu","searchable": 1,"quickSearch": 1,"filterable": 0,"ext": "https://agit.ai/xibao/M/raw/branch/master/XYQ/万能影院(XYQ).json","jar": "https://agit.ai/xibao/M/raw/branch/master/XYQBiu_0909.jar"},
 //开启筛选注意配置filterable要设置成1
{"key": "csp_XYQBiu_神马","name": "神马筛选(XYQ)","type": 3,"api": "csp_XYQBiu","searchable": 1,"quickSearch": 1,"filterable": 1,"ext": "https://agit.ai/xibao/M/raw/branch/master/XYQ/神马筛选.json","jar":"https://agit.ai/xibao/M/raw/branch/master/XYQBiu_0907.jar;md5;c74a98057346921f8b79adc76db5b5b6"},
{"key": "csp_XYQBiu_虎牙","name": "虎牙(XYQ)","type": 3,"api": "csp_XYQBiu","searchable": 0,"quickSearch": 0,"filterable": 0,"ext": "https://agit.ai/xibao/M/raw/branch/master/XYQ/虎牙代理直链.json","jar":"https://agit.ai/xibao/M/raw/branch/master/XYQBiu_0907.jar;md5;c74a98057346921f8b79adc76db5b5b6"},

{"key":"csp_biubiu_555xb","name":"555电影(XBF)","type":3,"api":"csp_XBiubiu","searchable":1,"quickSearch":1,"filterable":0,"ext":"https://agit.ai/xibao/M/raw/branch/master/XBF/555.json","jar":"https://agit.ai/xibao/M/raw/branch/master/jar/xbf_0902.jar;md5;0f9e6167184b73060692f7c0dbf16305"},
{"key":"csp_biubiu_厂长资源(XBF)","name":"厂长资源(XBF)","type":3,"api":"csp_XBiubiu","searchable":1,"quickSearch":1,"filterable":0,"ext":"https://agit.ai/xibao/M/raw/branch/master/XBF/厂长资源(XBF).json","jar":"https://agit.ai/xibao/M/raw/branch/master/jar/xbf_0902.jar;md5;0f9e6167184b73060692f7c0dbf16305"},
{"key":"csp_biubiu_二个BT(XBF)","name":"二个BT(XBF)","type":3,"api":"csp_XBiubiu","searchable":1,"quickSearch":1,"filterable":0,"ext":"https://gitea.com/yuegu09/wailian/raw/branch/main/XBF/二个BT(XBF).json","jar":"https://agit.ai/xibao/M/raw/branch/master/jar/xbf_0902.jar;md5;0f9e6167184b73060692f7c0dbf16305"},   
{"key":"csp_biubiu_七小影院(XBF)","name":"七小影院(XBF)","type":3,"api":"csp_XBiubiu","searchable":1,"quickSearch":1,"filterable":0,"ext":"https://agit.ai/xibao/M/raw/branch/master/XBF/七小影院(XBF).json","jar":"https://agit.ai/xibao/M/raw/branch/master/jar/xbf_0902.jar;md5;0f9e6167184b73060692f7c0dbf16305"}, 
{"key":"csp_biubiu_小猫咪(XBF)","name":"小猫咪(XBF)","type":3,"api":"csp_XBiubiu","searchable":1,"quickSearch":1,"filterable":0,"ext":"https://agit.ai/xibao/M/raw/branch/master/XBF/小猫咪.json","jar":"https://agit.ai/xibao/M/raw/branch/master/jar/xbf_0902.jar;md5;0f9e6167184b73060692f7c0dbf16305"},	


{"key":"csp_QXBiubiu_555电影","name":"555电影(QXB)","type":3,"api":"csp_QXBiubiu","searchable":1,"quickSearch":1,"filterable":0,"ext":"https://agit.ai/xibao/M/raw/branch/master/QXB/555电影.json"},
{"key":"csp_QXBiubiu_影视工厂","name":"影视工厂(QXB)","type":3,"api":"csp_QXBiubiu","searchable":1,"quickSearch":1,"filterable":0,"ext":"https://agit.ai/xibao/M/raw/branch/master/QXB/影视工厂.json"},
{"key":"csp_QXBiubiu_剧白白","name":"剧白白(QXB)","type":3,"api":"csp_QXBiubiu","searchable":1,"quickSearch":1,"filterable":1,"ext":"https://agit.ai/xibao/M/raw/branch/master/QXB/剧白白.json"},
{"key":"csp_QXBiubiu_小强迷","name":"小强迷(QXB)","type":3,"api":"csp_QXBiubiu","searchable":1,"quickSearch":1,"filterable":1,"ext":"https://agit.ai/xibao/M/raw/branch/master/QXB/小强迷.json"},
{"key":"csp_QXBiubiu_80S磁力","name":"80S磁力(外置MX播放器QXB)","type":3,"api":"csp_QXBiubiu","searchable":1,"quickSearch":1,"filterable":1,"ext":"https://agit.ai/xibao/M/raw/branch/master/QXB/80S磁力.json"},
{"key":"csp_QXBiubiu_蚂蚁4K","name":"蚂蚁4K(QXB)️","type":3,"api":"csp_QXBiubiu","searchable":1,"quickSearch":1,"filterable":1,"ext":"https://agit.ai/xibao/M/raw/branch/master/QXB/蚂蚁4K.json"},
{"key":"csp_QXBiubiu_歪片星球","name":"歪片星球(QXB)️","type":3,"api":"csp_QXBiubiu","searchable":1,"quickSearch":1,"filterable":1,"ext":"https://agit.ai/xibao/M/raw/branch/master/QXB/歪片星球.json"},
{"key":"csp_QXBiubiu_600影视","name":"600影视(QXB)️","type":3,"api":"csp_QXBiubiu","searchable":1,"quickSearch":1,"filterable":1,"ext":"https://agit.ai/xibao/M/raw/branch/master/QXB/600影视.json"},

{"key":"mtv_pc_yinfans","name":"音范丝（蓝光磁力）","type":3,"api":"csp_XPath","searchable":1,"quickSearch":1,"filterable":1,"ext":"https://agit.ai/xibao/M/raw/branch/master/MaooXP/yinfans.json"},
{"key":"csp_biubiu_gb4k磁力xb","name":"gb4k磁力","type":3,"api":"csp_XPath","searchable":1,"quickSearch":1,"filterable":0,"ext":"https://agit.ai/xibao/M/raw/branch/master/MaooXP/gb4k磁力.json"},
{"key":"csp_biubiu_哔滴磁力xb","name":"哔滴磁力","type":3,"api":"csp_QXBiubiu","searchable":1,"quickSearch":1,"filterable":0,"ext":"https://agit.ai/xibao/M/src/branch/master/XBCL/哔滴磁力.json","jar":"https://agit.ai/xibao/M/raw/branch/master/Q/CLQXB.jar;md5;7fdac76cb81031613e148c5f2d50a55d"},	
{"key":"csp_xpath_biditdcl","name":"biditd(XPCL)","type":3,"api":"csp_XPath","searchable":1,"quickSearch":1,"filterable":1,"ext":"https://agit.ai/xibao/M/src/branch/master/XBCL/biditdcl.json","jar":"https://agit.ai/xibao/M/raw/branch/master/Q/CLQXB.jar;md5;7fdac76cb81031613e148c5f2d50a55d"},

{"key": "蓝光影院XPF","name": "蓝光影院(XPF)","type":3,"api":"csp_XPathFilter","searchable":1,"quickSearch":1,"filterable":0,"ext":"https://agit.ai/xibao/M/raw/branch/master/MaooXP/lgyyp.json"}, 
{"key":"csp_xpath_libv","name": "Libvio(XPF)","type":3,"api":"csp_XPathMacFilter","searchable":1,"quickSearch":1,"filterable":1,"ext":"https://gitea.com/xibao568/bao/raw/branch/main/MaooXP/libv.json"},
{"key":"csp_xpath_bttoo","name": "两个变态(XP)","type":3,"api":"csp_XPath","searchable":1,"quickSearch":1,"filterable":0,"ext":"https://gitea.com/xibao568/bao/raw/branch/main/bttwoo.json"},
{"key": "csp_xpath_wanmeikk","name": "完美看看(XP)","type": 3,"api": "csp_XPathMac","searchable": 1,"quickSearch": 1,"filterable": 0,"ext": "https://gitea.com/xibao568/bao/raw/branch/main/MaooXP/wanmeikk.json"},
{"key": "csp_xpath_112","name": "工人影视","type": 3,"api": "csp_XPathMacFilter","searchable": 1,"quickSearch": 1,"filterable": 1,"ext": "https://agit.ai/xibao/M/raw/branch/master/MaooXP/gongreng.json"},
{"key":"csp_xpath_cokemv","name": "Cokemv(XPF)","type":3,"api":"csp_XPathFilter","searchable":1,"quickSearch":1,"filterable":1,"ext":"https://gitea.com/xibao568/bao/raw/branch/main/MaooXP/cokemv.json"},
{"key":"csp_xpath_007","name": "玲玲七(XPF)","type":3,"api":"csp_XPathFilter","searchable":1,"quickSearch":1,"filterable":1,"ext":"https://gitea.com/xibao568/bao/raw/branch/main/MaooXP/007.json"},
{"key":"csp_xpath_zxzj","name": "在线之家(XPF)","type":3,"api":"csp_XPathFilter","searchable":1,"quickSearch":1,"filterable":1,"ext":"https://gitea.com/xibao568/bao/raw/branch/main/MaooXP/zxzj2.json"},

{"key": "csp_biubiu_voflix","name": "voflix(XB)","type": 3,"api": "csp_XBiubiu","searchable": 1,"quickSearch": 1,"filterable": 0,"ext": "https://agit.ai/xibao/M/raw/branch/master/MaooXB2/voflix.json"},
{"key": "csp_biubiu_hdmoli","name": "hdmoli","type": 3,"api": "csp_XBiubiu","searchable": 1,"quickSearch": 1,"filterable": 0,"ext": "https://agit.ai/xibao/M/raw/branch/master/MaooXB2/hdmoli.json"},
{"key": "csp_biubiu_蓝莓影视","name": "蓝莓影视(XB)","type": 3,"api": "csp_XBiubiu","searchable": 1,"quickSearch": 1,"filterable": 0,"ext": "https://agit.ai/xibao/M/raw/branch/master/MaooXB2/蓝莓影视.json"},
{"key":"csp_biubiu_夜空蓝光","name": "夜空蓝光(XB)","type":3,"api":"csp_XBiubiu","searchable":1,"quickSearch":1,"filterable":0,"ext":"https://agit.ai/xibao/M/raw/branch/master/MaooXB2/夜空蓝光-蓝光.json"},
{"key":"csp_biubiu_达达龟","name": "达达龟(XB)","type":3,"api":"csp_XBiubiu","searchable":1,"quickSearch":1,"filterable":0,"ext":"https://agit.ai/xibao/M/raw/branch/master/MaooXB2/达达龟.json"},
{"key": "csp_XBiubiubiubiu_lezhu","name": "乐猪(XB)","type": 3,"api": "csp_XBiubiu","searchable": 1,"quickSearch": 1,"filterable": 0,"ext": "https://agit.ai/xibao/M/raw/branch/master/MaooXB2/乐猪影视.json"},
{"key": "csp_XBiubiubiubiu_ysgc","name": "影视工厂(XB)","type": 3,"api": "csp_XBiubiu","searchable": 1,"quickSearch": 1,"filterable": 0,"ext": "https://agit.ai/xibao/M/raw/branch/master/MaooXB2/影视工厂.json"},
{"key": "csp_biubiu_555电影","name": "555(XB)","type": 3,"api": "csp_XBiubiu","searchable": 1,"quickSearch": 1,"filterable": 0,"ext": "https://agit.ai/xibao/M/raw/branch/master/MaooXB2/555电影.json"},
{"key": "csp_biubiu_橘子tv","name": "橘子TV(XB)","type": 3,"api": "csp_XBiubiu","searchable": 1,"quickSearch": 1,"filterable": 0,"ext": "https://agit.ai/xibao/M/raw/branch/master/MaooXB/juzi.json"},   
{"key":"csp_biubiu_完美看看","name": "完美看看(XB)","type":3,"api":"csp_XBiubiu","searchable":1,"quickSearch":1,"filterable":0,"ext":"https://agit.ai/xibao/M/raw/branch/master/MaooXB/wmkk.json"},   
{"key": "csp_biubiu_厂长资源","name": "厂长资源(XB)","type": 3,"api": "csp_XBiubiu","searchable": 1,"quickSearch": 1,"filterable": 0,"ext": "https://agit.ai/xibao/M/raw/branch/master/MaooXB2/厂长资源-蓝光.json"},
{"key": "csp_biubiu_在线之家","name": "在线之家(XB)","type": 3,"api": "csp_XBiubiu","searchable": 1,"quickSearch": 1,"filterable": 0,"ext": "https://agit.ai/xibao/M/raw/branch/master/MaooXB2/在线之家.json"},
{"key": "csp_XBiubiubiubiu_cokemv","name": "Cokemv(XB)","type": 3,"api": "csp_XBiubiu","searchable": 1,"quickSearch": 1,"filterable": 0,"ext": "https://agit.ai/xibao/M/raw/branch/master/MaooXB2/COKEMV.json"},
{"key": "csp_biubiu_饭团HD","name": "饭团HD(XB)","type": 3,"api": "csp_XBiubiu","searchable": 1,"quickSearch": 1,"filterable": 0,"ext": "https://agit.ai/xibao/M/raw/branch/master/MaooXB/饭团hd.json"}, 
{"key":"csp_biubiu_口袋影院","name":"口袋影院(XB)","type":3,"api":"csp_XBiubiu","searchable":1,"quickSearch":1,"filterable":0,"ext":"https://agit.ai/xibao/M/raw/branch/master/MaooXB2/口袋影院.json"},
{"key":"csp_biubiu_蓝光影院","name":"蓝光影院(XB)","type":3,"api":"csp_XBiubiu","searchable":1,"quickSearch":1,"filterable":0,"ext":"https://agit.ai/xibao/M/raw/branch/master/MaooXB2/蓝光影院.json"},
{"key": "csp_biubiu_快猫","name": "快猫(XB)","type": 3,"api": "csp_XBiubiu","searchable": 1,"quickSearch": 1,"filterable": 0,"ext": "https://agit.ai/xibao/M/raw/branch/master/MaooXB2/快猫.json"}
],
"parses":[
{"name":"解析聚合","type":3,"url":"Demo"},
{"name":"Json并发","type":2,"url":"Parallel"},
{"name":"Json轮询","type":2,"url":"Sequence"},
{"name": "GGTV","type": 1,"url": "https://play.fuqizhishi.com/gang0823/API.php?appkey=QQ172598364&url="},
{"name": "GGTV","type": 1,"url": "https://play.fuqizhishi.com/gang0819/API.php?appkey=QQ172598364&url="},
{"name": "yunyou","type": 1,"url": "http://chaloli.cn/home/api?type=ys&uid=1&key=dfgilnotuyDGHMQW34&url="},
{"name": "aiku","type": 1,"url": "https://cache.json.icu/home/api?type=ys&uid=292796&key=fnoryABDEFJNPQV269&url="}, 
{"name": "线路NX","type": 1,"url": "https://vip.nxflv.com/home/api?uid=701203&key=bltuyCEFKLTX013679&url="},
{"name": "搬运","type": 1,"url": "https://jx.bynote.top/API.php?url=","ext": {"flag": ["qiyi","iqiyi","奇艺","爱奇艺","qq","腾讯","youku","优酷","pptv","PPTV","letv","乐视","bilibili","哔哩哔哩","哔哩","mgtv","芒果","xigua","西瓜","sohu","搜狐","cntv","cctv","央视","1905","m1905"]}},
{"name": "keyu","type": 1,"url": "http://newjiexi.gotka.top/keyu3.php?url=","ext": {"flag": ["qq", "腾讯", "qiyi", "爱奇艺", "奇艺", "youku", "优酷", "mgtv", "芒果", "letv", "乐视", "pptv", "PPTV", "sohu", "bilibili", "哔哩哔哩", "哔哩"],"header": {"User-Agent": "okhttp/4.1.0"}}},
{"name": "油果","type": 1,"url": "http://json.youguo520.top/fufeng/?url=","ext": {"flag": ["qiyi","iqiyi","奇艺","爱奇艺","qq","腾讯","youku","优酷","pptv","PPTV","letv","乐视","bilibili","哔哩哔哩","哔哩","mgtv","芒果","xigua","西瓜","sohu","搜狐","cntv","cctv","央视","1905","m1905"],"header": {"User-Agent": "Dart/2.14 (dart:io)"}}}],
"flags": ["youku","qq","QQ","iqiyi","qiyi","letv","sohu","tudou","pptv","PPTV","mgtv","ltnb","rx","CL4K","xfyun","wuduzy","wasu","bilibili","renrenmi","xmm","xigua","m1905 ","funshion ","优酷","芒果","腾讯","爱奇艺","奇艺","哔哩哔哩","哔哩"],
"ijk":[
{"group":"软解码","options":[
{"category":4,"name":"opensles","value":"0"},
{"category":4,"name":"overlay-format","value":"842225234"},
{"category":4,"name":"framedrop","value":"1"},
{"category":4,"name":"soundtouch","value":"1"},
{"category":4,"name":"start-on-prepared","value":"1"},
{"category":1,"name":"http-detect-range-support","value":"0"},
{"category":1,"name":"fflags","value":"fastseek"},
{"category":2,"name":"skip_loop_filter","value":"48"},
{"category":4,"name":"reconnect","value":"1"},
{"category":4,"name":"max-buffer-size","value":"5242880"},
{"category":4,"name":"enable-accurate-seek","value":"0"},
{"category":4,"name":"mediacodec","value":"0"},
{"category":4,"name":"mediacodec-auto-rotate","value":"0"},
{"category":4,"name":"mediacodec-handle-resolution-change","value":"0"},
{"category":4,"name":"mediacodec-hevc","value":"0"},
{"category":1,"name":"dns_cache_timeout","value":"600000000"}]},
{"group":"硬解码","options":[
{"category":4,"name":"opensles","value":"0"},
{"category":4,"name":"overlay-format","value":"842225234"},
{"category":4,"name":"framedrop","value":"1"},
{"category":4,"name":"soundtouch","value":"1"},
{"category":4,"name":"start-on-prepared","value":"1"},
{"category":1,"name":"http-detect-range-support","value":"0"},
{"category":1,"name":"fflags","value":"fastseek"},
{"category":2,"name":"skip_loop_filter","value":"48"},
{"category":4,"name":"reconnect","value":"1"},
{"category":4,"name":"max-buffer-size","value":"5242880"},
{"category":4,"name":"enable-accurate-seek","value":"0"},
{"category":4,"name":"mediacodec","value":"1"},
{"category":4,"name":"mediacodec-auto-rotate","value":"1"},
{"category":4,"name":"mediacodec-handle-resolution-change","value":"1"},
{"category":4,"name":"mediacodec-hevc","value":"1"},
{"category":1,"name":"dns_cache_timeout","value":"600000000"}]}
],
"ads":["mimg.0c1q0l.cn","www.googletagmanager.com","www.google-analytics.com","mc.usihnbcq.cn","mg.g1mm3d.cn","mscs.svaeuzh.cn","cnzz.hhttm.top","tp.vinuxhome.com","cnzz.mmstat.com","www.baihuillq.com","s23.cnzz.com","z3.cnzz.com","c.cnzz.com","stj.v1vo.top","z12.cnzz.com","img.mosflower.cn","tips.gamevvip.com","ehwe.yhdtns.com","xdn.cqqc3.com","www.jixunkyy.cn","sp.chemacid.cn","hm.baidu.com","s9.cnzz.com","z6.cnzz.com","um.cavuc.com","mav.mavuz.com","wofwk.aoidf3.com","z5.cnzz.com","xc.hubeijieshikj.cn","tj.tianwenhu.com","xg.gars57.cn","k.jinxiuzhilv.com","cdn.bootcss.com","ppl.xunzhuo123.com","xomk.jiangjunmh.top","img.xunzhuo123.com","z1.cnzz.com","s13.cnzz.com","xg.huataisangao.cn","z7.cnzz.com","xg.huataisangao.cn","z2.cnzz.com","s96.cnzz.com","q11.cnzz.com","thy.dacedsfa.cn","xg.whsbpw.cn","s19.cnzz.com","z8.cnzz.com","s4.cnzz.com","f5w.as12df.top","ae01.alicdn.com","www.92424.cn","k.wudejia.com","vivovip.mmszxc.top","qiu.xixiqiu.com","cdnjs.hnfenxun.com","cms.qdwght.com"]
}
